id,company,address,city,lat,lng,decision_maker,title,phone,email,capacity_kw,cost_eur,image,source,state,notes,last_contact,industry
1,Grindeks,"Krustpils iela 53, Riga, Latvia",,0,0,Juris Bundulis,Chairman of the Board,+371 67039393,info@grindeks.lv,2614.85,0,docs/images/Grindeks_sat.jpg,known_company,cold,,,Pharmaceuticals
2,Laflora,"Daugavpils iela 34, Riga, Latvia",,0,0,Janis,Director,+371 67221555,laflora@laflora.lv,1797.6,0,docs/images/Laflora_sat.jpg,known_company,cold,,,Horticulture/Peat
3,Valmieras Stikla Skiedra,"Cempu iela 13, Valmiera, Latvia",,0,0,Janis Siliņš,Production Director,+371 64202150,vss@vss.lv,3037.65,0,docs/images/Valmieras_Stikla_Skiedra_annotated.jpg,known_company,cold,,,Glass fiber
4,Daugavpils Locomotive Repair Plant,"Stacijas iela 2, Daugavpils, Latvia",,0,0,Aleksandrs Kuzmins,Director,+371 65433691,dlrp@dlrp.lv,2213.4,0,,known_company,cold,,,Metalworking
5,Jelgavas Tips,"Loka iela 4, Jelgava, Latvia",,0,0,Maris Tiltins,Owner/Managing Director,+371 63022350,tips@jelgavastips.lv,2418.15,0,docs/images/Jelgavas_Tips_annotated.jpg,known_company,cold,,,Wood/Furniture
6,Ventspils Rejs,"Kurzemes iela 1, Ventspils, Latvia",,0,0,Janis Taurins,Managing Director,+371 63624444,info@ventspilsrejs.lv,2381.4,0,docs/images/Ventspils_Rejs_annotated.jpg,known_company,cold,,,Shipbuilding
7,Riga Plastics,"Gustava iela 4, Riga, Latvia",,0,0,Peteris Ozols,Owner,+371 67223344,info@rigaplastics.lv,2177.0,0,docs/images/Riga_Plastics_Factory_sat.jpg,known_company,cold,,,Plastic
8,Madara,"Kupravas iela 11, Riga, Latvia",,0,0,Lina Pole,CEO,+371 66151515,madara@madara.lv,2495.15,0,docs/images/Madara_sat.jpg,known_company,cold,,,Pharmaceuticals/Cosmetics
9,Baltic Flax,"Linu iela 1, Daugavpils, Latvia",,0,0,Viktors Lucjans,Director,+371 65402211,bflax@balticflax.lv,2413.95,0,docs/images/Baltic_Flax_annotated.jpg,known_company,cold,,,Textile
10,Riviera,"Lubanas iela 23, Riga, Latvia",,0,0,Andris Berzins,Owner,+371 67892233,riviera@riviera.lv,2552.55,0,docs/images/Riviera_sat.jpg,known_company,cold,,,unknown
11,Metalex,"Lokomotives iela 21, Riga, Latvia",,0,0,Eduards Vulfs,Managing Director,+371 67215588,metalex@metalex.lv,2355.15,0,docs/images/Metalex_annotated.jpg,known_company,cold,,,Metalworking
12,Alutech,"Katlakalna iela 11, Riga, Latvia",,0,0,Maris Krastins,Director,+371 67405060,alutech@alutech.lv,2720.9,0,docs/images/Alutech_annotated.jpg,known_company,cold,,,Aluminum
13,Latsr,"Ventspils iela 12, Kuldiga, Latvia",,0,0,Janis Kauls,Owner,+371 63333333,latsr@latsr.lv,2206.05,0,docs/images/Latsr_annotated.jpg,known_company,cold,,,unknown
14,Hansa Matrix,"Kauguru iela 60, Riga, Latvia",,0,0,Karlis Karpovs,CEO,+371 67607070,info@hansamatrix.lv,2212.7,0,docs/images/Hansa_Matrix_sat.jpg,known_company,cold,,,Electronics
15,RSU,"Daugavgrivas iela 12, Riga, Latvia",,0,0,Ricards Sils,Director,+371 67310444,rsu@rsu.lv,2657.2,0,docs/images/RSU_sat.jpg,known_company,cold,,,unknown
16,Siltumel,"Miera iela 30, Jelgava, Latvia",,0,0,Armands Vagulis,Owner,+371 63024444,siltumel@siltumel.lv,1739.85,0,docs/images/Siltumel_annotated.jpg,known_company,cold,,,Heating
17,Ventilacija,"Kurzemes prospekts 88, Riga, Latvia",,0,0,Rolands Pelns,Managing Director,+371 67801111,vent@ventilacija.lv,2219.0,0,docs/images/Ventilacija_annotated.jpg,known_company,cold,,,HVAC
18,Kopa,"Daugavpils iela 91, Rezekne, Latvia",,0,0,Vladimirs Koslovs,Director,+371 64603333,kopa@kopa.lv,2202.55,0,docs/images/Kopa_annotated.jpg,known_company,cold,,,unknown
19,PTA,"Krustpils iela 95, Riga, Latvia",,0,0,Ainars Kalnins,Director,+371 67805555,pta@pta.lv,2086.7,0,docs/images/PTA_sat.jpg,known_company,cold,,,Packaging
20,Mebell,"Liepajas iela 12, Jelgava, Latvia",,0,0,Visvaldis Murans,Owner,+371 63022222,info@mebell.lv,2176.65,0,docs/images/Mebell_annotated.jpg,known_company,cold,,,Wood/Furniture
21,Kuršių Medienos,"Ventspils iela 8, Liepaja, Latvia",,0,0,Darius Jonaitis,CEO,+371 63630000,info@kursiumedienos.lv,2250.85,0,docs/images/Kuršių_Medienos_annotated.jpg,known_company,cold,,,unknown
22,JSC Latgales,"Daugavpils iela 15, Rezekne, Latvia",,0,0,Eduards Lavrinovics,Director,+371 64622222,latgales@latgales.lv,2202.55,0,docs/images/JSC_Latgales_sat.jpg,known_company,cold,,,unknown
23,Baltic Laminate,"Stacijas iela 5, Daugavpils, Latvia",,0,0,Vladislavs Petrovs,Manager,+371 65477777,info@balticlab.lv,2213.4,0,docs/images/Baltic_Laminate_sat.jpg,known_company,cold,,,Composites
24,Virši,"Krustpils iela 87, Riga, Latvia",,0,0,Jānis Rasa,CEO,+371 67803333,virsi@virsi.lv,2086.7,0,docs/images/Virši_annotated.jpg,known_company,cold,,,Agriculture/Horticulture
25,Riga Dairy,"Daugavgrivas iela 45, Riga, Latvia",,0,0,Anna Ozola,Director,+371 67312222,dairy@rigadairy.lv,2307.9,0,docs/images/Riga_Dairy_sat.jpg,known_company,cold,,,Dairy
26,Kurzemes Piens,"Kurzemes iela 22, Ventspils, Latvia",,0,0,Lelde Kalniņa,Manager,+371 63628888,piens@kurzemespiens.lv,2762.55,0,docs/images/Kurzemes_Piens_sat.jpg,known_company,cold,,,Dairy
27,Latgales Piens,"Stacijas iela 18, Daugavpils, Latvia",,0,0,Marina Černova,Director,+371 65444444,info@latgalespiens.lv,2537.5,0,docs/images/Latgales_Piens_annotated.jpg,known_company,cold,,,Dairy
28,Maksim,"Lubanas iela 112, Riga, Latvia",,0,0,Aleksejs Kozlovs,Owner,+371 67275555,maksim@maksim.lv,2401.0,0,docs/images/Maksim_annotated.jpg,known_company,cold,,,unknown
29,Preiļu Siers,"Daugavpils iela 31, Preili, Latvia",,0,0,Aivars Caune,Director,+371 65355555,siers@preilusiers.lv,2450.0,0,docs/images/Preiļu_Siers_sat.jpg,known_company,cold,,,Dairy
30,Ventspils Maize,"Kurzemes iela 33, Ventspils, Latvia",,0,0,Inga Vanaga,Manager,+371 63631111,maize@ventspilsmaize.lv,2677.5,0,docs/images/Ventspils_Maize_sat.jpg,known_company,cold,,,Food/Bread
31,Daugavpils Maize,"Stacijas iela 28, Daugavpils, Latvia",,0,0,Viktors Zahars,Director,+371 65422222,maize@daugavpilsmaize.lv,2537.5,0,docs/images/Daugavpils_Maize_sat.jpg,known_company,cold,,,Food/Bread
32,Jelgavas Maize,"Loka iela 15, Jelgava, Latvia",,0,0,Dainis Caune,Owner,+371 63021111,jelgava@jelgavasmaize.lv,2433.9,0,docs/images/Jelgavas_Maize_sat.jpg,known_company,cold,,,Food/Bread
33,Užavas Alus,"Ventspils iela 45, Kuldiga, Latvia",,0,0,Gints Ancs,CEO,+371 63332222,alus@uzavasalus.lv,2206.05,0,docs/images/Užavas_Alus_annotated.jpg,known_company,cold,,,Beverages
34,Molson Coors Latvia,"Daugavgrivas iela 88, Riga, Latvia",,0,0,Raivis Dzerve,Director,+371 67357777,mc@molsoncoors.lv,1774.85,0,docs/images/Molson_Coors_Latvia_annotated.jpg,known_company,cold,,,Beverages
35,Bauroc,"Ventspils iela 33, Riga, Latvia",,0,0,Māris Gailītis,Manager,+371 67850000,bauroc@bauroc.lv,1947.05,0,docs/images/Bauroc_annotated.jpg,known_company,cold,,,Construction Materials
36,Isover,"Lubanas iela 135, Riga, Latvia",,0,0,Raimonds Cābelis,Director,+371 67895555,isover@isover.lv,1646.4,0,docs/images/Isover_sat.jpg,known_company,cold,,,Insulation
37,Rockwool,"Daugavgrivas iela 91, Riga, Latvia",,0,0,Jānis Bērziņš,Manager,+371 67851111,rockwool@rockwool.lv,2130.45,0,docs/images/Rockwool_annotated.jpg,known_company,cold,,,Insulation
38,PREMIUM,"Liepajas iela 45, Riga, Latvia",,0,0,Aldis Eglītis,Owner,+371 67220000,info@premium.lv,2029.3,0,docs/images/PREMIUM_sat.jpg,known_company,cold,,,unknown
39,Forbo,"Kurzemes prospekts 112, Riga, Latvia",,0,0,Ainars Veinbergs,Director,+371 67871111,forbo@forbo.lv,2320.85,0,docs/images/Forbo_sat.jpg,known_company,cold,,,Floor coverings
40,Gerhard,"Daugavgrivas iela 102, Riga, Latvia",,0,0,Kristians Gerhard,CEO,+371 67345555,gerhard@gerhard.lv,1979.95,0,docs/images/Gerhard_sat.jpg,known_company,cold,,,unknown
41,Lode,"Krustpils iela 135, Riga, Latvia",,0,0,Gints Pērkons,Director,+371 67290000,lode@lode.lv,2086.7,0,docs/images/Lode_annotated.jpg,known_company,cold,,,unknown
42,Krass,"Lubanas iela 155, Riga, Latvia",,0,0,Kaspars Krasts,Owner,+371 67812222,krass@krass.lv,2199.75,0,docs/images/Krass_annotated.jpg,known_company,cold,,,unknown
43,Norgips,"Kurzemes prospekts 125, Riga, Latvia",,0,0,Mārtiņš Krūmiņš,Manager,+371 67890000,norgips@norgips.lv,2206.4,0,docs/images/Norgips_annotated.jpg,known_company,cold,,,unknown
44,Sent,"Daugavgrivas iela 115, Riga, Latvia",,0,0,Ričards Ginters,Director,+371 67320000,sent@sent.lv,2130.45,0,docs/images/Sent_sat.jpg,known_company,cold,,,unknown
45,Bermas,"Ventspils iela 78, Riga, Latvia",,0,0,Vitauts Ļubimovs,Director,+371 63670000,bermas@bermas.lv,1947.05,0,docs/images/Bermas_annotated.jpg,known_company,cold,,,unknown
46,Gortex,"Katlakalna iela 25, Riga, Latvia",,0,0,Pēteris Zeltins,Owner,+371 67275555,gortex@gortex.lv,2720.9,0,docs/images/Gortex_annotated.jpg,known_company,cold,,,unknown
47,Len,"Lokomotives iela 35, Riga, Latvia",,0,0,Zigmunds Liepiņš,Director,+371 67212222,len@len.lv,2355.15,0,docs/images/Len_sat.jpg,known_company,cold,,,unknown
48,Tera,"Stacijas iela 38, Daugavpils, Latvia",,0,0,Juris Jakovlevs,Manager,+371 65400000,tera@tera.lv,2273.25,0,docs/images/Tera_annotated.jpg,known_company,cold,,,unknown
49,Lenda,"Gustava iela 15, Riga, Latvia",,0,0,Valdis Siliņš,Owner,+371 67280000,lenda@lenda.lv,2177.0,0,docs/images/Lenda_sat.jpg,known_company,cold,,,unknown
50,Vests,"Kurzemes iela 55, Ventspils, Latvia",,0,0,Andris Auziņš,Director,+371 63620000,vests@vests.lv,2381.4,0,docs/images/Vests_annotated.jpg,known_company,cold,,,unknown
51,Sakart,"Loka iela 35, Jelgava, Latvia",,0,0,Edgars Bērziņš,Owner,+371 63028888,sakart@sakart.lv,2418.15,0,docs/images/Sakart_annotated.jpg,known_company,cold,,,unknown
52,Kekava Concrete,"Kekava, Latvia",Kekava,56.78765,24.24908,Peteris Berzins,CEO,+371 64054301,kekava.concrete@company.lv,1181.25,826875,docs/images/Kekava_Concrete_sat.jpg,generated,cold,,,
53,Ogre Leather,"Ogre, Latvia",Ogre,56.82112,24.55355,Maris Kalns,Owner,+371 67676566,ogre.leather@company.lv,2752.4,1926680,docs/images/Ogre_Leather_sat.jpg,generated,cold,,,
54,Ogre Metal,"Ogre, Latvia",Ogre,56.84712,24.64432,Gints Ozols,Operations Manager,+371 65539336,ogre.metal@company.lv,1181.25,826875,docs/images/Ogre_Metal_sat.jpg,generated,cold,,,
55,Valmiera Paper,"Valmiera, Latvia",Valmiera,57.5332,25.45782,Janis Berzins,Owner,+371 63834068,valmiera.paper@company.lv,1181.25,826875,docs/images/Valmiera_Paper_sat.jpg,generated,cold,,,
56,Ventspils Rubber,"Ventspils, Latvia",Ventspils,57.42732,21.58097,Maris Kurmis,Operations Manager,+371 62222599,ventspils.rubber@company.lv,1181.25,826875,docs/images/Ventspils_Rubber_sat.jpg,generated,cold,,,
57,Liepaja Marble,"Liepaja, Latvia",Liepaja,56.47303,21.03478,Gints Jansons,Operations Manager,+371 65519187,liepaja.marble@company.lv,2364.25,1654975,docs/images/Liepaja_Marble_sat.jpg,generated,cold,,,
58,Kekava Chemical,"Kekava, Latvia",Kekava,56.82833,24.25011,Maris Eglitis,Operations Manager,+371 64333632,kekava.chemical@company.lv,1181.25,826875,docs/images/Kekava_Chemical_sat.jpg,generated,cold,,,
59,Ogre Food,"Ogre, Latvia",Ogre,56.82231,24.59307,Janis Kalns,Production Director,+371 64854228,ogre.food@company.lv,1181.25,826875,docs/images/Ogre_Food_sat.jpg,generated,cold,,,
60,Jelgava Plastics,"Jelgava, Latvia",Jelgava,56.68051,23.68098,Juris Kalns,Managing Director,+371 68404652,jelgava.plastics@company.lv,1181.25,826875,docs/images/Jelgava_Plastics_sat.jpg,generated,cold,,,
61,Ventspils Paper,"Ventspils, Latvia",Ventspils,57.35052,21.54664,Kaspars Ozols,Owner,+371 65187061,ventspils.paper@company.lv,1181.25,826875,docs/images/Ventspils_Paper_sat.jpg,generated,cold,,,
62,Jelgava Rubber,"Jelgava, Latvia",Jelgava,56.64897,23.72615,Peteris Zariņš,CEO,+371 67064421,jelgava.rubber@company.lv,1181.25,826875,docs/images/Jelgava_Rubber_sat.jpg,generated,cold,,,
63,Ogre Construction,"Ogre, Latvia",Ogre,56.80549,24.57896,Juris Berzins,Production Director,+371 66498207,ogre.construction@company.lv,1181.25,826875,docs/images/Ogre_Construction_sat.jpg,generated,cold,,,
64,Valmiera Leather,"Valmiera, Latvia",Valmiera,57.55651,25.38107,Peteris Siliņš,Owner,+371 66630852,valmiera.leather@company.lv,1181.25,826875,docs/images/Valmiera_Leather_sat.jpg,generated,cold,,,
65,Valmiera Furniture,"Valmiera, Latvia",Valmiera,57.51108,25.43719,Juris Staņa,CEO,+371 66843180,valmiera.furniture@company.lv,2301.95,1611364,docs/images/Valmiera_Furniture_sat.jpg,generated,cold,,,
66,Ventspils Concrete,"Ventspils, Latvia",Ventspils,57.43713,21.56215,Maris Ozols,Owner,+371 67547078,ventspils.concrete@company.lv,1181.25,826875,docs/images/Ventspils_Concrete_sat.jpg,generated,cold,,,
67,Jekabpils Chemical,"Jekabpils, Latvia",Jekabpils,56.54307,25.84344,Maris Vitols,Owner,+371 63952791,jekabpils.chemical@company.lv,1181.25,826875,docs/images/Jekabpils_Chemical_sat.jpg,generated,cold,,,
68,Liepaja Steel,"Liepaja, Latvia",Liepaja,56.50323,21.02491,Peteris Siliņš,CEO,+371 65803481,liepaja.steel@company.lv,1181.25,826875,docs/images/Liepaja_Steel_sat.jpg,generated,cold,,,
69,Riga Paper,"Riga, Latvia",Riga,56.92739,24.12494,Kaspars Kalns,CEO,+371 64980226,riga.paper@company.lv,1843.1,1290170,docs/images/Riga_Paper_sat.jpg,generated,cold,,,
70,Daugavpils Marble,"Daugavpils, Latvia",Daugavpils,55.8275,26.49275,Maris Vitols,Owner,+371 67109761,daugavpils.marble@company.lv,1181.25,826875,docs/images/Daugavpils_Marble_sat.jpg,generated,cold,,,
71,Ogre Chemical,"Ogre, Latvia",Ogre,56.85359,24.57115,Andris Kurmis,Managing Director,+371 63370719,ogre.chemical@company.lv,1181.25,826875,docs/images/Ogre_Chemical_sat.jpg,generated,cold,,,
72,Jelgava Beverage,"Jelgava, Latvia",Jelgava,56.63735,23.71532,Valdis Siliņš,CEO,+371 67368707,jelgava.beverage@company.lv,1999.55,1399685,docs/images/Jelgava_Beverage_sat.jpg,generated,cold,,,
73,Daugavpils Packaging,"Daugavpils, Latvia",Daugavpils,55.87922,26.48429,Gints Jansons,CEO,+371 68445081,daugavpils.packaging@company.lv,1181.25,826875,docs/images/Daugavpils_Packaging_sat.jpg,generated,cold,,,
74,Daugavpils Printing,"Daugavpils, Latvia",Daugavpils,55.82996,26.49624,Janis Jansons,Owner,+371 68753213,daugavpils.printing@company.lv,1181.25,826875,docs/images/Daugavpils_Printing_sat.jpg,generated,cold,,,
75,Ogre Plastics,"Ogre, Latvia",Ogre,56.85644,24.63972,Kaspars Siliņš,CEO,+371 62555230,ogre.plastics@company.lv,1181.25,826875,docs/images/Ogre_Plastics_sat.jpg,generated,cold,,,
76,Jekabpils Electronics,"Jekabpils, Latvia",Jekabpils,56.49741,25.89093,Valdis Siliņš,Production Director,+371 63198493,jekabpils.electronics@company.lv,1820.35,1274245,docs/images/Jekabpils_Electronics_sat.jpg,generated,cold,,,
77,Riga Metal,"Riga, Latvia",Riga,56.96592,24.1028,Juris Kalns,Managing Director,+371 68249420,riga.metal@company.lv,1288.7,902090,docs/images/Riga_Metal_Works_sat.jpg,generated,cold,,,
78,Ogre Steel,"Ogre, Latvia",Ogre,56.84141,24.55466,Gints Kurmis,CEO,+371 68266406,ogre.steel@company.lv,1181.25,826875,docs/images/Ogre_Steel_sat.jpg,generated,cold,,,
79,Cesis Beverage,"Cesis, Latvia",Cesis,57.35914,25.25245,Armands Siliņš,Operations Manager,+371 65350414,cesis.beverage@company.lv,1512.7,1058890,docs/images/Cesis_Beverage_sat.jpg,generated,cold,,,
80,Cesis Paper,"Cesis, Latvia",Cesis,57.32688,25.26156,Kaspars Jansons,Managing Director,+371 66274216,cesis.paper@company.lv,1181.25,826875,docs/images/Cesis_Paper_sat.jpg,generated,cold,,,
81,Ogre Automotive,"Ogre, Latvia",Ogre,56.77535,24.60433,Valdis Ozols,Owner,+371 62919803,ogre.automotive@company.lv,1181.25,826875,docs/images/Ogre_Automotive_sat.jpg,generated,cold,,,
82,Jekabpils Rubber,"Jekabpils, Latvia",Jekabpils,56.4679,25.89615,Andris Kalns,Production Director,+371 67003041,jekabpils.rubber@company.lv,1181.25,826875,docs/images/Jekabpils_Rubber_sat.jpg,generated,cold,,,
83,Jekabpils Leather,"Jekabpils, Latvia",Jekabpils,56.50457,25.90263,Valdis Kurmis,CEO,+371 66640795,jekabpils.leather@company.lv,1181.25,826875,docs/images/Jekabpils_Leather_sat.jpg,generated,cold,,,
84,Ogre Textiles,"Ogre, Latvia",Ogre,56.80089,24.57138,Janis Ozols,Operations Manager,+371 68298819,ogre.textiles@company.lv,1181.25,826875,docs/images/Ogre_Textiles_sat.jpg,generated,cold,,,
85,Kekava Textiles,"Kekava, Latvia",Kekava,56.86039,24.26775,Juris Zariņš,Owner,+371 64462057,kekava.textiles@company.lv,1181.25,826875,docs/images/Kekava_Textiles_sat.jpg,generated,cold,,,
86,Kekava Marble,"Kekava, Latvia",Kekava,56.82442,24.19659,Aivars Kalns,Production Director,+371 62027223,kekava.marble@company.lv,1181.25,826875,docs/images/Kekava_Marble_sat.jpg,generated,cold,,,
87,Liepaja Electronics,"Liepaja, Latvia",Liepaja,56.49662,21.01207,Juris Kurmis,Managing Director,+371 66258742,liepaja.electronics@company.lv,2739.8,1917860,docs/images/Liepaja_Electronics_sat.jpg,generated,cold,,,
88,Kekava Printing,"Kekava, Latvia",Kekava,56.7989,24.23136,Peteris Vitols,Operations Manager,+371 67108412,kekava.printing@company.lv,1181.25,826875,docs/images/Kekava_Printing_sat.jpg,generated,cold,,,
89,Daugavpils Paper,"Daugavpils, Latvia",Daugavpils,55.89183,26.49508,Maris Kalns,CEO,+371 68396404,daugavpils.paper@company.lv,1181.25,826875,docs/images/Daugavpils_Paper_sat.jpg,generated,cold,,,
90,Riga Rubber,"Riga, Latvia",Riga,56.95036,24.10965,Andris Kurmis,Operations Manager,+371 62004797,riga.rubber@company.lv,1588.3,1111810,docs/images/Riga_Rubber_sat.jpg,generated,cold,,,
91,Kekava Leather,"Kekava, Latvia",Kekava,56.80207,24.28062,Armands Zariņš,Production Director,+371 62163382,kekava.leather@company.lv,1181.25,826875,docs/images/Kekava_Leather_sat.jpg,generated,cold,,,
92,Cesis Packaging,"Cesis, Latvia",Cesis,57.27245,25.2647,Peteris Zariņš,CEO,+371 64008671,cesis.packaging@company.lv,1181.25,826875,docs/images/Cesis_Packaging_sat.jpg,generated,cold,,,
93,Valmiera Concrete,"Valmiera, Latvia",Valmiera,57.50331,25.45422,Janis Jansons,Operations Manager,+371 62660662,valmiera.concrete@company.lv,1439.55,1007685,docs/images/Valmiera_Concrete_sat.jpg,generated,cold,,,
94,Ventspils Electronics,"Ventspils, Latvia",Ventspils,57.42375,21.57489,Peteris Eglitis,Owner,+371 68380393,ventspils.electronics@company.lv,2115.4,1480780,docs/images/Ventspils_Electronics_sat.jpg,generated,cold,,,
95,Jelgava Aluminum,"Jelgava, Latvia",Jelgava,56.61425,23.68386,Gints Kalns,Managing Director,+371 67534391,jelgava.aluminum@company.lv,3147.9,2203530,docs/images/Jelgava_Aluminum_sat.jpg,generated,cold,,,
96,Ventspils Marble,"Ventspils, Latvia",Ventspils,57.40925,21.52762,Valdis Kurmis,Managing Director,+371 64223456,ventspils.marble@company.lv,1181.25,826875,docs/images/Ventspils_Marble_sat.jpg,generated,cold,,,
97,Cesis Marble,"Cesis, Latvia",Cesis,57.33072,25.24957,Gints Staņa,Production Director,+371 63776692,cesis.marble@company.lv,1181.25,826875,docs/images/Cesis_Marble_sat.jpg,generated,cold,,,
98,Kekava Glass,"Kekava, Latvia",Kekava,56.79948,24.21193,Peteris Jansons,Managing Director,+371 62537088,kekava.glass@company.lv,1181.25,826875,docs/images/Kekava_Glass_sat.jpg,generated,cold,,,
99,Kekava Construction,"Kekava, Latvia",Kekava,56.86784,24.21154,Kaspars Berzins,Operations Manager,+371 66646630,kekava.construction@company.lv,1181.25,826875,docs/images/Kekava_Construction_sat.jpg,generated,cold,,,
100,Jekabpils Packaging,"Jekabpils, Latvia",Jekabpils,56.52466,25.86041,Maris Staņa,Managing Director,+371 62060321,jekabpils.packaging@company.lv,1181.25,826875,docs/images/Jekabpils_Packaging_sat.jpg,generated,cold,,,
101,Valmiera Textiles,"Valmiera, Latvia",Valmiera,57.57701,25.37489,Peteris Berzins,Managing Director,+371 62565394,valmiera.textiles@company.lv,1181.25,826875,docs/images/Valmiera_Textiles_sat.jpg,generated,cold,,,
102,Valmiera Printing,"Valmiera, Latvia",Valmiera,57.58839,25.39125,Janis Zariņš,Owner,+371 66313054,valmiera.printing@company.lv,1183.0,828100,docs/images/Valmiera_Printing_sat.jpg,generated,cold,,,
103,Liepaja Printing,"Liepaja, Latvia",Liepaja,56.52115,20.99487,Maris Vitols,Production Director,+371 63797148,liepaja.printing@company.lv,1181.25,826875,docs/images/Liepaja_Printing_sat.jpg,generated,cold,,,
104,Kekava Plastics,"Kekava, Latvia",Kekava,56.84563,24.28481,Gints Kalns,Operations Manager,+371 66833613,kekava.plastics@company.lv,3147.2,2203040,docs/images/Kekava_Plastics_sat.jpg,generated,cold,,,
105,Ventspils Glass,"Ventspils, Latvia",Ventspils,57.43693,21.5466,Valdis Jansons,Production Director,+371 68773775,ventspils.glass@company.lv,1181.25,826875,docs/images/Ventspils_Glass_sat.jpg,generated,cold,,,
106,Cesis Construction,"Cesis, Latvia",Cesis,57.26805,25.28359,Aivars Jansons,Owner,+371 62813114,cesis.construction@company.lv,2326.1,1628270,docs/images/Cesis_Construction_sat.jpg,generated,cold,,,
107,Jelgava Packaging,"Jelgava, Latvia",Jelgava,56.6655,23.7646,Aivars Zariņš,Production Director,+371 65448575,jelgava.packaging@company.lv,1181.25,826875,docs/images/Jelgava_Packaging_sat.jpg,generated,cold,,,
108,Valmiera Electronics,"Valmiera, Latvia",Valmiera,57.51677,25.37622,Valdis Berzins,Owner,+371 62508455,valmiera.electronics@company.lv,1769.25,1238475,docs/images/Valmiera_Electronics_sat.jpg,generated,cold,,,
109,Jelgava Marble,"Jelgava, Latvia",Jelgava,56.65047,23.7236,Aivars Zariņš,Owner,+371 64085880,jelgava.marble@company.lv,1181.25,826875,docs/images/Jelgava_Marble_sat.jpg,generated,cold,,,
110,Ventspils Furniture,"Ventspils, Latvia",Ventspils,57.4178,21.49944,Valdis Jansons,Owner,+371 65717250,ventspils.furniture@company.lv,1181.25,826875,docs/images/Ventspils_Furniture_sat.jpg,generated,cold,,,
111,Daugavpils Concrete,"Daugavpils, Latvia",Daugavpils,55.85397,26.47223,Gints Ozols,Owner,+371 67470587,daugavpils.concrete@company.lv,3148.25,2203775,docs/images/Daugavpils_Concrete_sat.jpg,generated,cold,,,
112,Jekabpils Aluminum,"Jekabpils, Latvia",Jekabpils,56.51731,25.88348,Maris Kalns,Production Director,+371 66073853,jekabpils.aluminum@company.lv,1892.1,1324470,docs/images/Jekabpils_Aluminum_sat.jpg,generated,cold,,,
113,Jelgava Printing,"Jelgava, Latvia",Jelgava,56.70084,23.74599,Valdis Jansons,Production Director,+371 62491869,jelgava.printing@company.lv,2953.65,2067555,docs/images/Jelgava_Printing_sat.jpg,generated,cold,,,
114,Riga Electronics,"Riga, Latvia",Riga,56.94865,24.08421,Juris Eglitis,CEO,+371 65548443,riga.electronics@company.lv,1586.55,1110585,docs/images/Riga_Electronics_sat.jpg,generated,cold,,,
115,Ogre Electronics,"Ogre, Latvia",Ogre,56.77026,24.63823,Gints Berzins,CEO,+371 62479537,ogre.electronics@company.lv,1181.25,826875,docs/images/Ogre_Electronics_sat.jpg,generated,cold,,,
116,Jelgava Metal,"Jelgava, Latvia",Jelgava,56.62532,23.72963,Gints Kalns,Owner,+371 66259974,jelgava.metal@company.lv,1181.25,826875,docs/images/Jelgava_Metal_sat.jpg,generated,cold,,,
117,Ogre Rubber,"Ogre, Latvia",Ogre,56.80309,24.63938,Peteris Kalns,Owner,+371 66991516,ogre.rubber@company.lv,3150.0,2205000,docs/images/Ogre_Rubber_sat.jpg,generated,cold,,,
118,Valmiera Rubber,"Valmiera, Latvia",Valmiera,57.56576,25.40958,Armands Jansons,Operations Manager,+371 66987188,valmiera.rubber@company.lv,3149.65,2204755,docs/images/Valmiera_Rubber_sat.jpg,generated,cold,,,
119,Ventspils Packaging,"Ventspils, Latvia",Ventspils,57.36419,21.59346,Janis Staņa,Owner,+371 65516713,ventspils.packaging@company.lv,2554.3,1788010,docs/images/Ventspils_Packaging_sat.jpg,generated,cold,,,
120,Jekabpils Construction,"Jekabpils, Latvia",Jekabpils,56.47781,25.89993,Juris Siliņš,Managing Director,+371 67634545,jekabpils.construction@company.lv,1181.25,826875,docs/images/Jekabpils_Construction_sat.jpg,generated,cold,,,
121,Cesis Leather,"Cesis, Latvia",Cesis,57.2715,25.22864,Juris Eglitis,CEO,+371 68307096,cesis.leather@company.lv,1181.25,826875,docs/images/Cesis_Leather_sat.jpg,generated,cold,,,
122,Ventspils Beverage,"Ventspils, Latvia",Ventspils,57.37068,21.5522,Armands Ozols,Owner,+371 66510004,ventspils.beverage@company.lv,1181.25,826875,docs/images/Ventspils_Beverage_sat.jpg,generated,cold,,,
123,Liepaja Beverage,"Liepaja, Latvia",Liepaja,56.50842,21.03002,Maris Kurmis,CEO,+371 63111126,liepaja.beverage@company.lv,1181.25,826875,docs/images/Liepaja_Beverage_sat.jpg,generated,cold,,,
124,Cesis Electronics,"Cesis, Latvia",Cesis,57.32173,25.23663,Kaspars Ozols,Managing Director,+371 65099817,cesis.electronics@company.lv,3149.65,2204755,docs/images/Cesis_Electronics_sat.jpg,generated,cold,,,
125,Riga Packaging,"Riga, Latvia",Riga,56.93647,24.0624,Juris Kalns,Production Director,+371 68993959,riga.packaging@company.lv,1181.25,826875,docs/images/Riga_Packaging_sat.jpg,generated,cold,,,
126,Cesis Furniture,"Cesis, Latvia",Cesis,57.34005,25.30978,Gints Vitols,Operations Manager,+371 68770445,cesis.furniture@company.lv,1181.25,826875,docs/images/Cesis_Furniture_sat.jpg,generated,cold,,,
127,Daugavpils Machinery,"Daugavpils, Latvia",Daugavpils,55.84896,26.46693,Gints Berzins,Operations Manager,+371 64511370,daugavpils.machinery@company.lv,1181.25,826875,docs/images/Daugavpils_Machinery_sat.jpg,generated,cold,,,
128,Jelgava Electronics,"Jelgava, Latvia",Jelgava,56.6925,23.71023,Peteris Kalns,CEO,+371 62968285,jelgava.electronics@company.lv,1181.25,826875,docs/images/Jelgava_Electronics_sat.jpg,generated,cold,,,
129,Kekava Food,"Kekava, Latvia",Kekava,56.82409,24.25108,Valdis Vitols,Owner,+371 62774255,kekava.food@company.lv,3146.5,2202550,docs/images/Kekava_Food_sat.jpg,generated,cold,,,
130,Jekabpils Paper,"Jekabpils, Latvia",Jekabpils,56.54703,25.87775,Kaspars Kalns,CEO,+371 63355447,jekabpils.paper@company.lv,1181.25,826875,docs/images/Jekabpils_Paper_sat.jpg,generated,cold,,,
131,Ogre Aluminum,"Ogre, Latvia",Ogre,56.78787,24.63118,Janis Ozols,Owner,+371 67796692,ogre.aluminum@company.lv,1181.25,826875,docs/images/Ogre_Aluminum_sat.jpg,generated,cold,,,
132,Ventspils Construction,"Ventspils, Latvia",Ventspils,57.39461,21.57728,Andris Kurmis,Owner,+371 65097208,ventspils.construction@company.lv,1181.25,826875,docs/images/Ventspils_Construction_sat.jpg,generated,cold,,,
133,Liepaja Food,"Liepaja, Latvia",Liepaja,56.46836,21.03674,Armands Kurmis,Managing Director,+371 65605312,liepaja.food@company.lv,1181.25,826875,,generated,cold,,,
134,Ogre Glass,"Ogre, Latvia",Ogre,56.83797,24.60259,Andris Berzins,CEO,+371 65058918,ogre.glass@company.lv,1181.25,826875,,generated,cold,,,
135,Riga Beverage,"Riga, Latvia",Riga,56.97029,24.10621,Gints Siliņš,Operations Manager,+371 68287073,riga.beverage@company.lv,1181.25,826875,,generated,cold,,,
136,Ventspils Food,"Ventspils, Latvia",Ventspils,57.38211,21.58359,Andris Siliņš,Owner,+371 63504586,ventspils.food@company.lv,1460.2,1022140,,generated,cold,,,
137,Valmiera Machinery,"Valmiera, Latvia",Valmiera,57.52999,25.45508,Andris Ozols,Production Director,+371 62324845,valmiera.machinery@company.lv,1181.25,826875,,generated,cold,,,
138,Ventspils Metal,"Ventspils, Latvia",Ventspils,57.36757,21.58288,Valdis Zariņš,CEO,+371 68883158,ventspils.metal@company.lv,1181.25,826875,,generated,cold,,,
139,Jelgava Food,"Jelgava, Latvia",Jelgava,56.66932,23.72652,Maris Siliņš,CEO,+371 64337091,jelgava.food@company.lv,1181.25,826875,,generated,cold,,,
140,Liepaja Leather,"Liepaja, Latvia",Liepaja,56.49656,21.04684,Peteris Vitols,CEO,+371 67381138,liepaja.leather@company.lv,1181.25,826875,,generated,cold,,,
141,Jekabpils Food,"Jekabpils, Latvia",Jekabpils,56.51522,25.90498,Gints Siliņš,Operations Manager,+371 64777886,jekabpils.food@company.lv,1547.0,1082900,,generated,cold,,,
142,Liepaja Metal,"Liepaja, Latvia",Liepaja,56.49297,21.01079,Janis Ozols,CEO,+371 63497935,liepaja.metal@company.lv,2653.7,1857589,,generated,cold,,,
143,Daugavpils Electronics,"Daugavpils, Latvia",Daugavpils,55.82695,26.50371,Armands Siliņš,CEO,+371 68111478,daugavpils.electronics@company.lv,1181.25,826875,,generated,cold,,,
144,Daugavpils Rubber,"Daugavpils, Latvia",Daugavpils,55.88699,26.46864,Juris Berzins,Production Director,+371 62014187,daugavpils.rubber@company.lv,1181.25,826875,,generated,cold,,,
145,Ogre Marble,"Ogre, Latvia",Ogre,56.84146,24.61391,Kaspars Ozols,CEO,+371 66254051,ogre.marble@company.lv,1181.25,826875,,generated,cold,,,
146,Daugavpils Steel,"Daugavpils, Latvia",Daugavpils,55.83215,26.51715,Juris Siliņš,CEO,+371 65375579,daugavpils.steel@company.lv,3078.95,2155265,,generated,cold,,,
147,Kekava Beverage,"Kekava, Latvia",Kekava,56.82407,24.20114,Juris Kurmis,Managing Director,+371 63609271,kekava.beverage@company.lv,1181.25,826875,,generated,cold,,,
148,Daugavpils Food,"Daugavpils, Latvia",Daugavpils,55.91214,26.5321,Aivars Staņa,Operations Manager,+371 67492068,daugavpils.food@company.lv,1710.1,1197070,,generated,cold,,,
149,Kekava Automotive,"Kekava, Latvia",Kekava,56.87092,24.23807,Maris Kurmis,Production Director,+371 68658335,kekava.automotive@company.lv,1181.25,826875,,generated,cold,,,
150,Valmiera Beverage,"Valmiera, Latvia",Valmiera,57.54786,25.43529,Maris Vitols,Managing Director,+371 68765939,valmiera.beverage@company.lv,1347.85,943494,,generated,cold,,,
151,Valmiera Packaging,"Valmiera, Latvia",Valmiera,57.53952,25.45971,Armands Jansons,Production Director,+371 66147136,valmiera.packaging@company.lv,1181.25,826875,,generated,cold,,,
152,Ogre Concrete,"Ogre, Latvia",Ogre,56.83166,24.58788,Andris Kurmis,Production Director,+371 62421262,ogre.concrete@company.lv,1181.25,826875,,generated,cold,,,
153,Jelgava Automotive,"Jelgava, Latvia",Jelgava,56.65728,23.69429,Andris Eglitis,Production Director,+371 64174256,jelgava.automotive@company.lv,1187.9,831530,,generated,cold,,,
154,Kekava Furniture,"Kekava, Latvia",Kekava,56.86777,24.19083,Maris Vitols,Operations Manager,+371 66065094,kekava.furniture@company.lv,2597.35,1818145,,generated,cold,,,
155,Riga Leather,"Riga, Latvia",Riga,56.97572,24.08628,Kaspars Kurmis,Owner,+371 63160765,riga.leather@company.lv,1181.25,826875,,generated,cold,,,
156,Valmiera Food,"Valmiera, Latvia",Valmiera,57.58686,25.45535,Aivars Zariņš,Operations Manager,+371 65908456,valmiera.food@company.lv,3127.95,2189565,,generated,cold,,,
157,Cesis Plastics,"Cesis, Latvia",Cesis,57.29519,25.30464,Aivars Siliņš,Operations Manager,+371 68270615,cesis.plastics@company.lv,3061.8,2143260,,generated,cold,,,
158,Valmiera Aluminum,"Valmiera, Latvia",Valmiera,57.52366,25.40563,Armands Kurmis,Owner,+371 65305281,valmiera.aluminum@company.lv,1252.65,876855,,generated,cold,,,
159,Jelgava Paper 0,"Jelgava, Latvia",Jelgava,56.61493,23.71633,Janis Vitols,Owner,+371 68450473,jelgava.paper.0@company.lv,2454.9,1718430,,unknown,cold,,,
160,Jekabpils Automotive 1,"Jekabpils, Latvia",Jekabpils,56.53271,25.89489,Aivars Vitols,Owner,+371 62320056,jekabpils.automotive.1@company.lv,1659.7,1161790,,unknown,cold,,,
161,Kekava Metal 2,"Kekava, Latvia",Kekava,56.81056,24.21776,Aivars Zarins,CEO,+371 62435382,kekava.metal.2@company.lv,875.0,612500,,unknown,cold,,,
162,Kekava Printing 3,"Kekava, Latvia",Kekava,56.86048,24.27154,Andris Kalns,CEO,+371 66705690,kekava.printing.3@company.lv,875.0,612500,,unknown,cold,,,
163,Liepaja Wood 4,"Liepaja, Latvia",Liepaja,56.52191,21.00519,Kaspars Jansons,Managing Director,+371 62014013,liepaja.wood.4@company.lv,875.0,612500,,unknown,cold,,,
164,Riga Beverage 5,"Riga, Latvia",Riga,56.97012,24.08833,Aivars Ozols,Operations Manager,+371 62586170,riga.beverage.5@company.lv,1045.8,732060,,unknown,cold,,,
165,Jelgava Plastics 6,"Jelgava, Latvia",Jelgava,56.69708,23.70717,Janis Zarins,Operations Manager,+371 62855946,jelgava.plastics.6@company.lv,2436.35,1705445,,unknown,cold,,,
166,Cesis Plastics 7,"Cesis, Latvia",Cesis,57.32811,25.28537,Janis Ozols,Managing Director,+371 63059059,cesis.plastics.7@company.lv,875.0,612500,,unknown,cold,,,
167,Jekabpils Electronics 8,"Jekabpils, Latvia",Jekabpils,56.46555,25.84384,Janis Vitols,Operations Manager,+371 66810095,jekabpils.electronics.8@company.lv,875.0,612500,,unknown,cold,,,
168,Riga Furniture 9,"Riga, Latvia",Riga,56.93075,24.08799,Valdis Vitols,Operations Manager,+371 62308225,riga.furniture.9@company.lv,1259.65,881755,,unknown,cold,,,
169,Liepaja Wood 10,"Liepaja, Latvia",Liepaja,56.45918,21.00013,Juris Zarins,Operations Manager,+371 63735288,liepaja.wood.10@company.lv,875.0,612500,,unknown,cold,,,
170,Ventspils Paper 11,"Ventspils, Latvia",Ventspils,57.36589,21.50325,Kaspars Berzins,Operations Manager,+371 68453180,ventspils.paper.11@company.lv,2622.55,1835785,,unknown,cold,,,
171,Ogre Machinery 12,"Ogre, Latvia",Ogre,56.84684,24.62004,Aivars Eglitis,Operations Manager,+371 65141715,ogre.machinery.12@company.lv,1073.8,751660,,unknown,cold,,,
172,Ogre Machinery 13,"Ogre, Latvia",Ogre,56.83625,24.64313,Janis Kalns,Owner,+371 66084456,ogre.machinery.13@company.lv,875.0,612500,,unknown,cold,,,
173,Jelgava Wood 14,"Jelgava, Latvia",Jelgava,56.64378,23.69912,Juris Kalns,CEO,+371 64826257,jelgava.wood.14@company.lv,875.0,612500,,unknown,cold,,,
174,Riga Automotive 15,"Riga, Latvia",Riga,56.97952,24.06984,Aivars Ozols,Operations Manager,+371 65251891,riga.automotive.15@company.lv,875.0,612500,,unknown,cold,,,
175,Daugavpils Automotive 16,"Daugavpils, Latvia",Daugavpils,55.88565,26.47057,Kaspars Berzins,Managing Director,+371 66917416,daugavpils.automotive.16@company.lv,875.0,612500,,unknown,cold,,,
176,Kekava Machinery 17,"Kekava, Latvia",Kekava,56.86311,24.24347,Peteris Zarins,Owner,+371 64952065,kekava.machinery.17@company.lv,999.25,699475,,unknown,cold,,,
177,Riga Automotive 18,"Riga, Latvia",Riga,56.9305,24.10077,Maris Silins,Owner,+371 67358649,riga.automotive.18@company.lv,2453.5,1717450,,unknown,cold,,,
178,Ventspils Food 19,"Ventspils, Latvia",Ventspils,57.39758,21.55351,Juris Eglitis,Managing Director,+371 66564829,ventspils.food.19@company.lv,875.0,612500,,unknown,cold,,,
179,Kekava Furniture 20,"Kekava, Latvia",Kekava,56.83927,24.1974,Valdis Kalns,Managing Director,+371 66499481,kekava.furniture.20@company.lv,875.0,612500,,unknown,cold,,,
180,Daugavpils Chemical 21,"Daugavpils, Latvia",Daugavpils,55.90353,26.4792,Valdis Silins,Operations Manager,+371 62370188,daugavpils.chemical.21@company.lv,875.0,612500,,unknown,cold,,,
181,Jekabpils Plastics 22,"Jekabpils, Latvia",Jekabpils,56.49742,25.8835,Janis Kalns,Operations Manager,+371 63620485,jekabpils.plastics.22@company.lv,1604.05,1122835,,unknown,cold,,,
182,Valmiera Textiles 23,"Valmiera, Latvia",Valmiera,57.49393,25.39527,Janis Vitols,CEO,+371 67745914,valmiera.textiles.23@company.lv,875.0,612500,,unknown,cold,,,
183,Valmiera Electronics 24,"Valmiera, Latvia",Valmiera,57.49345,25.42657,Juris Silins,Operations Manager,+371 62002980,valmiera.electronics.24@company.lv,875.0,612500,,unknown,cold,,,
184,Daugavpils Printing 25,"Daugavpils, Latvia",Daugavpils,55.85757,26.55445,Peteris Ozols,CEO,+371 67931186,daugavpils.printing.25@company.lv,1660.4,1162280,,unknown,cold,,,
185,Daugavpils Glass 26,"Daugavpils, Latvia",Daugavpils,55.913,26.47179,Peteris Ozols,Operations Manager,+371 62071816,daugavpils.glass.26@company.lv,2388.4,1671880,,unknown,cold,,,
186,Riga Printing 27,"Riga, Latvia",Riga,56.90255,24.1213,Aivars Ozols,Operations Manager,+371 62244417,riga.printing.27@company.lv,875.0,612500,,unknown,cold,,,
187,Kekava Printing 28,"Kekava, Latvia",Kekava,56.85845,24.24868,Kaspars Vitols,Operations Manager,+371 62277085,kekava.printing.28@company.lv,875.0,612500,,unknown,cold,,,
188,Cesis Food 29,"Cesis, Latvia",Cesis,57.31662,25.27065,Kaspars Silins,CEO,+371 62199583,cesis.food.29@company.lv,1174.95,822465,,unknown,cold,,,
189,Ogre Paper 30,"Ogre, Latvia",Ogre,56.83223,24.59902,Andris Silins,Owner,+371 68020654,ogre.paper.30@company.lv,875.0,612500,,unknown,cold,,,
190,Daugavpils Paper 31,"Daugavpils, Latvia",Daugavpils,55.86807,26.54931,Andris Zarins,Managing Director,+371 68242080,daugavpils.paper.31@company.lv,875.0,612500,,unknown,cold,,,
191,Jekabpils Plastics 32,"Jekabpils, Latvia",Jekabpils,56.50225,25.90033,Peteris Berzins,Operations Manager,+371 66509181,jekabpils.plastics.32@company.lv,875.0,612500,,unknown,cold,,,
192,Valmiera Textiles 33,"Valmiera, Latvia",Valmiera,57.52616,25.40004,Juris Kalns,CEO,+371 68510675,valmiera.textiles.33@company.lv,2039.8,1427860,,unknown,cold,,,
193,Cesis Printing 34,"Cesis, Latvia",Cesis,57.31503,25.25629,Aivars Zarins,Managing Director,+371 66487238,cesis.printing.34@company.lv,875.0,612500,,unknown,cold,,,
194,Valmiera Metal 35,"Valmiera, Latvia",Valmiera,57.50806,25.45939,Kaspars Ozols,Managing Director,+371 68729984,valmiera.metal.35@company.lv,1219.75,853825,,unknown,cold,,,
195,Riga Food 36,"Riga, Latvia",Riga,56.99119,24.13154,Aivars Silins,Owner,+371 68218981,riga.food.36@company.lv,1259.3,881510,,unknown,cold,,,
196,Kekava Automotive 37,"Kekava, Latvia",Kekava,56.84724,24.23434,Andris Eglitis,Owner,+371 64932151,kekava.automotive.37@company.lv,1462.3,1023610,,unknown,cold,,,
197,Cesis Glass 38,"Cesis, Latvia",Cesis,57.26415,25.28561,Valdis Eglitis,CEO,+371 65598786,cesis.glass.38@company.lv,875.0,612500,,unknown,cold,,,
198,Liepaja Chemical 39,"Liepaja, Latvia",Liepaja,56.55393,21.02242,Janis Kalns,CEO,+371 66335589,liepaja.chemical.39@company.lv,875.0,612500,,unknown,cold,,,
199,Ventspils Printing 40,"Ventspils, Latvia",Ventspils,57.4095,21.59562,Andris Zarins,Owner,+371 66575631,ventspils.printing.40@company.lv,875.0,612500,,unknown,cold,,,
200,Cesis Glass 41,"Cesis, Latvia",Cesis,57.27654,25.27056,Kaspars Jansons,CEO,+371 62778940,cesis.glass.41@company.lv,1233.4,863380,,unknown,cold,,,
201,Liepaja Wood 42,"Liepaja, Latvia",Liepaja,56.51228,21.01409,Juris Jansons,Managing Director,+371 64701611,liepaja.wood.42@company.lv,1143.1,800169,,unknown,cold,,,
202,Daugavpils Furniture 43,"Daugavpils, Latvia",Daugavpils,55.90972,26.49517,Juris Silins,Owner,+371 66198895,daugavpils.furniture.43@company.lv,875.0,612500,,unknown,cold,,,
203,Ogre Construction 44,"Ogre, Latvia",Ogre,56.80503,24.56654,Peteris Jansons,Managing Director,+371 68359530,ogre.construction.44@company.lv,1690.15,1183105,,unknown,cold,,,
204,Ogre Electronics 45,"Ogre, Latvia",Ogre,56.80311,24.61737,Janis Jansons,CEO,+371 66736413,ogre.electronics.45@company.lv,2625.0,1837500,,unknown,cold,,,
205,Riga Plastics 46,"Riga, Latvia",Riga,56.91487,24.08574,Maris Ozols,CEO,+371 62702469,riga.plastics.46@company.lv,875.0,612500,,unknown,cold,,,
206,Riga Glass 47,"Riga, Latvia",Riga,56.94492,24.0668,Kaspars Kalns,Managing Director,+371 68594117,riga.glass.47@company.lv,2621.15,1834805,,unknown,cold,,,
207,Liepaja Glass 48,"Liepaja, Latvia",Liepaja,56.54972,20.98107,Valdis Eglitis,Operations Manager,+371 68517566,liepaja.glass.48@company.lv,875.0,612500,,unknown,cold,,,
208,Riga Chemical 49,"Riga, Latvia",Riga,56.98328,24.10563,Janis Vitols,Operations Manager,+371 64856503,riga.chemical.49@company.lv,875.0,612500,,unknown,cold,,,
209,Daugavpils Printing 0,"Daugavpils, Latvia",Daugavpils,55.83477,26.50932,Aivars Jansons,Managing Director,+371 67114961,daugavpils.printing.0@company.lv,2585.8,1810060,,unknown,cold,,,
210,Ventspils Plastics 1,"Ventspils, Latvia",Ventspils,57.40549,21.58352,Janis Eglitis,CEO,+371 67836643,ventspils.plastics.1@company.lv,2382.8,1667960,,unknown,cold,,,
211,Cesis Automotive 2,"Cesis, Latvia",Cesis,57.27942,25.25709,Peteris Berzins,CEO,+371 65865147,cesis.automotive.2@company.lv,1337.7,936390,,unknown,cold,,,
212,Kekava Food 3,"Kekava, Latvia",Kekava,56.87804,24.26828,Kaspars Silins,CEO,+371 65008746,kekava.food.3@company.lv,875.0,612500,,unknown,cold,,,
213,Ventspils Metal 4,"Ventspils, Latvia",Ventspils,57.40478,21.53364,Maris Eglitis,CEO,+371 68807023,ventspils.metal.4@company.lv,2388.4,1671880,,unknown,cold,,,
214,Valmiera Furniture 5,"Valmiera, Latvia",Valmiera,57.51431,25.41006,Maris Kalns,Operations Manager,+371 68761958,valmiera.furniture.5@company.lv,875.0,612500,,unknown,cold,,,
215,Jelgava Construction 6,"Jelgava, Latvia",Jelgava,56.66085,23.7684,Janis Silins,Operations Manager,+371 66198286,jelgava.construction.6@company.lv,1591.8,1114260,,unknown,cold,,,
216,Cesis Textiles 7,"Cesis, Latvia",Cesis,57.34565,25.23643,Juris Kalns,Operations Manager,+371 65091346,cesis.textiles.7@company.lv,875.0,612500,,unknown,cold,,,
217,Valmiera Construction 8,"Valmiera, Latvia",Valmiera,57.51442,25.41244,Peteris Vitols,Owner,+371 64226471,valmiera.construction.8@company.lv,875.0,612500,,unknown,cold,,,
218,Liepaja Furniture 9,"Liepaja, Latvia",Liepaja,56.51923,20.98196,Kaspars Berzins,Operations Manager,+371 62432885,liepaja.furniture.9@company.lv,875.0,612500,,unknown,cold,,,
219,Riga Paper 10,"Riga, Latvia",Riga,56.91316,24.13211,Aivars Vitols,Owner,+371 65905300,riga.paper.10@company.lv,875.0,612500,,unknown,cold,,,
220,Cesis Printing 11,"Cesis, Latvia",Cesis,57.36175,25.2486,Kaspars Jansons,Operations Manager,+371 64230650,cesis.printing.11@company.lv,1210.3,847210,,unknown,cold,,,
221,Jelgava Construction 12,"Jelgava, Latvia",Jelgava,56.65734,23.68289,Valdis Zarins,Managing Director,+371 67792067,jelgava.construction.12@company.lv,972.65,680855,,unknown,cold,,,
222,Liepaja Chemical 13,"Liepaja, Latvia",Liepaja,56.46151,20.98637,Valdis Vitols,CEO,+371 62409100,liepaja.chemical.13@company.lv,875.0,612500,,unknown,cold,,,
223,Jekabpils Automotive 14,"Jekabpils, Latvia",Jekabpils,56.47926,25.81426,Andris Ozols,Owner,+371 65591330,jekabpils.automotive.14@company.lv,875.0,612500,,unknown,cold,,,
224,Daugavpils Electronics 15,"Daugavpils, Latvia",Daugavpils,55.89719,26.48968,Valdis Kalns,Operations Manager,+371 66488791,daugavpils.electronics.15@company.lv,2283.75,1598625,,unknown,cold,,,
225,Kekava Paper 16,"Kekava, Latvia",Kekava,56.86834,24.19337,Janis Eglitis,Managing Director,+371 64733352,kekava.paper.16@company.lv,891.45,624015,,unknown,cold,,,
226,Valmiera Automotive 17,"Valmiera, Latvia",Valmiera,57.54621,25.438,Kaspars Jansons,Owner,+371 65887333,valmiera.automotive.17@company.lv,875.0,612500,,unknown,cold,,,
227,Valmiera Metal 18,"Valmiera, Latvia",Valmiera,57.49091,25.41687,Juris Berzins,CEO,+371 68122377,valmiera.metal.18@company.lv,875.0,612500,,unknown,cold,,,
228,Cesis Furniture 19,"Cesis, Latvia",Cesis,57.33877,25.2363,Aivars Jansons,Owner,+371 64125354,cesis.furniture.19@company.lv,2618.0,1832600,,unknown,cold,,,
229,Riga Food 20,"Riga, Latvia",Riga,56.90298,24.15477,Juris Kalns,Operations Manager,+371 64999981,riga.food.20@company.lv,2593.85,1815695,,unknown,cold,,,
230,Daugavpils Beverage 21,"Daugavpils, Latvia",Daugavpils,55.83645,26.50774,Aivars Berzins,Owner,+371 66167541,daugavpils.beverage.21@company.lv,1360.45,952315,,unknown,cold,,,
231,Ventspils Textiles 23,"Ventspils, Latvia",Ventspils,57.34493,21.58864,Andris Jansons,CEO,+371 66192950,ventspils.textiles.23@company.lv,875.0,612500,,unknown,cold,,,
232,Jekabpils Plastics 24,"Jekabpils, Latvia",Jekabpils,56.48332,25.85477,Valdis Jansons,CEO,+371 66427594,jekabpils.plastics.24@company.lv,875.0,612500,,unknown,cold,,,
233,Ventspils Textiles 25,"Ventspils, Latvia",Ventspils,57.4228,21.51417,Peteris Ozols,Operations Manager,+371 67141053,ventspils.textiles.25@company.lv,2325.4,1627780,,unknown,cold,,,
234,Cesis Plastics 26,"Cesis, Latvia",Cesis,57.33986,25.23925,Juris Jansons,Owner,+371 67330859,cesis.plastics.26@company.lv,875.0,612500,,unknown,cold,,,
235,Cesis Electronics 27,"Cesis, Latvia",Cesis,57.32531,25.22355,Aivars Silins,Operations Manager,+371 62930699,cesis.electronics.27@company.lv,875.0,612500,,unknown,cold,,,
236,Riga Plastics 28,"Riga, Latvia",Riga,56.97472,24.0919,Janis Silins,Operations Manager,+371 66339355,riga.plastics.28@company.lv,2181.2,1526839,,unknown,cold,,,
237,Ogre Food 29,"Ogre, Latvia",Ogre,56.84154,24.57476,Kaspars Kalns,Operations Manager,+371 63128775,ogre.food.29@company.lv,2481.5,1737050,,unknown,cold,,,
238,Jekabpils Food 30,"Jekabpils, Latvia",Jekabpils,56.52689,25.8319,Maris Jansons,Managing Director,+371 62315048,jekabpils.food.30@company.lv,875.0,612500,,unknown,cold,,,
239,Valmiera Furniture 31,"Valmiera, Latvia",Valmiera,57.56065,25.37868,Maris Jansons,Owner,+371 65386067,valmiera.furniture.31@company.lv,875.0,612500,,unknown,cold,,,
240,Jelgava Automotive 32,"Jelgava, Latvia",Jelgava,56.60776,23.71227,Janis Berzins,Operations Manager,+371 67504717,jelgava.automotive.32@company.lv,875.0,612500,,unknown,cold,,,
241,Ogre Machinery 33,"Ogre, Latvia",Ogre,56.82192,24.58352,Kaspars Berzins,Owner,+371 64068056,ogre.machinery.33@company.lv,1756.3,1229410,,unknown,cold,,,
242,Jelgava Electronics 34,"Jelgava, Latvia",Jelgava,56.60354,23.73976,Aivars Vitols,Managing Director,+371 64551685,jelgava.electronics.34@company.lv,875.0,612500,,unknown,cold,,,
243,Cesis Construction 35,"Cesis, Latvia",Cesis,57.31526,25.30392,Peteris Vitols,CEO,+371 63778478,cesis.construction.35@company.lv,885.5,619850,,unknown,cold,,,
244,Ventspils Construction 37,"Ventspils, Latvia",Ventspils,57.38426,21.51578,Maris Silins,Managing Director,+371 66282831,ventspils.construction.37@company.lv,1383.2,968240,,unknown,cold,,,
245,Kekava Construction 38,"Kekava, Latvia",Kekava,56.78166,24.28249,Aivars Silins,Managing Director,+371 65272285,kekava.construction.38@company.lv,2118.2,1482739,,unknown,cold,,,
246,Valmiera Beverage 39,"Valmiera, Latvia",Valmiera,57.56282,25.43013,Peteris Eglitis,Owner,+371 64405733,valmiera.beverage.39@company.lv,1338.4,936880,,unknown,cold,,,
247,Ventspils Chemical 40,"Ventspils, Latvia",Ventspils,57.34806,21.52892,Andris Eglitis,Owner,+371 63056786,ventspils.chemical.40@company.lv,875.0,612500,,unknown,cold,,,
248,Kekava Textiles 41,"Kekava, Latvia",Kekava,56.7904,24.21458,Peteris Eglitis,CEO,+371 66628835,kekava.textiles.41@company.lv,875.0,612500,,unknown,cold,,,
249,Jelgava Construction 42,"Jelgava, Latvia",Jelgava,56.62259,23.71848,Janis Eglitis,CEO,+371 64422265,jelgava.construction.42@company.lv,875.0,612500,,unknown,cold,,,
250,Kekava Construction 43,"Kekava, Latvia",Kekava,56.8258,24.25168,Kaspars Jansons,Operations Manager,+371 62396239,kekava.construction.43@company.lv,1868.65,1308055,,unknown,cold,,,
251,Daugavpils Chemical 44,"Daugavpils, Latvia",Daugavpils,55.84536,26.48866,Peteris Ozols,CEO,+371 68175160,daugavpils.chemical.44@company.lv,875.0,612500,,unknown,cold,,,
252,Ogre Beverage 45,"Ogre, Latvia",Ogre,56.78459,24.63728,Peteris Jansons,Operations Manager,+371 63508243,ogre.beverage.45@company.lv,1114.75,780325,,unknown,cold,,,
253,Valmiera Paper 46,"Valmiera, Latvia",Valmiera,57.58738,25.43603,Aivars Kalns,Operations Manager,+371 63179207,valmiera.paper.46@company.lv,875.0,612500,,unknown,cold,,,
254,Ogre Chemical 47,"Ogre, Latvia",Ogre,56.82719,24.6237,Janis Kalns,Owner,+371 64776840,ogre.chemical.47@company.lv,1525.3,1067710,,unknown,cold,,,
255,Riga Construction 48,"Riga, Latvia",Riga,56.99436,24.13255,Janis Ozols,Managing Director,+371 63837717,riga.construction.48@company.lv,875.0,612500,,unknown,cold,,,
256,Cesis Glass 49,"Cesis, Latvia",Cesis,57.30582,25.3041,Valdis Silins,Managing Director,+371 67547433,cesis.glass.49@company.lv,875.0,612500,,unknown,cold,,,
257,Jelgava Construction 0,"Jelgava, Latvia",Jelgava,56.68786,23.75695,Aivars Berzins,Owner,+371 63272530,jelgava.construction.0@company.lv,875.0,612500,,unknown,cold,,,
258,Daugavpils Metal 1,"Daugavpils, Latvia",Daugavpils,55.90962,26.47155,Peteris Eglitis,Owner,+371 63126839,daugavpils.metal.1@company.lv,875.0,612500,,unknown,cold,,,
259,Jekabpils Metal 2,"Jekabpils, Latvia",Jekabpils,56.50191,25.8306,Janis Zarins,Operations Manager,+371 68811704,jekabpils.metal.2@company.lv,875.0,612500,,unknown,cold,,,
260,Jekabpils Paper 3,"Jekabpils, Latvia",Jekabpils,56.46531,25.89543,Maris Jansons,Managing Director,+371 68583170,jekabpils.paper.3@company.lv,875.0,612500,,unknown,cold,,,
261,Jekabpils Construction 4,"Jekabpils, Latvia",Jekabpils,56.46134,25.86892,Aivars Zarins,Managing Director,+371 62749967,jekabpils.construction.4@company.lv,875.0,612500,,unknown,cold,,,
262,Jekabpils Construction 5,"Jekabpils, Latvia",Jekabpils,56.53035,25.88897,Janis Vitols,CEO,+371 67613274,jekabpils.construction.5@company.lv,875.0,612500,,unknown,cold,,,
263,Ogre Wood 6,"Ogre, Latvia",Ogre,56.85369,24.59884,Aivars Zarins,Managing Director,+371 68833797,ogre.wood.6@company.lv,875.0,612500,,unknown,cold,,,
264,Ogre Textiles 7,"Ogre, Latvia",Ogre,56.76524,24.65004,Janis Berzins,Owner,+371 62925500,ogre.textiles.7@company.lv,1004.5,703150,,unknown,cold,,,
265,Ogre Beverage 8,"Ogre, Latvia",Ogre,56.85613,24.5912,Maris Vitols,Managing Director,+371 63049535,ogre.beverage.8@company.lv,875.0,612500,,unknown,cold,,,
266,Jelgava Printing 9,"Jelgava, Latvia",Jelgava,56.64547,23.73511,Janis Vitols,Operations Manager,+371 66657192,jelgava.printing.9@company.lv,875.0,612500,,unknown,cold,,,
267,Ogre Paper 10,"Ogre, Latvia",Ogre,56.80074,24.60123,Kaspars Zarins,Managing Director,+371 65496927,ogre.paper.10@company.lv,1374.45,962115,,unknown,cold,,,
268,Daugavpils Chemical 11,"Daugavpils, Latvia",Daugavpils,55.83384,26.49841,Janis Vitols,CEO,+371 64629606,daugavpils.chemical.11@company.lv,2523.15,1766205,,unknown,cold,,,
269,Ogre Textiles 12,"Ogre, Latvia",Ogre,56.84026,24.60472,Janis Zarins,Owner,+371 67424107,ogre.textiles.12@company.lv,875.0,612500,,unknown,cold,,,
270,Ogre Metal 13,"Ogre, Latvia",Ogre,56.83006,24.5542,Juris Ozols,Operations Manager,+371 68036604,ogre.metal.13@company.lv,1325.1,927569,,unknown,cold,,,
271,Valmiera Beverage 14,"Valmiera, Latvia",Valmiera,57.58932,25.40383,Andris Zarins,Operations Manager,+371 62877601,valmiera.beverage.14@company.lv,2584.4,1809080,,unknown,cold,,,
272,Valmiera Plastics 15,"Valmiera, Latvia",Valmiera,57.55987,25.438,Maris Silins,Owner,+371 63607927,valmiera.plastics.15@company.lv,875.0,612500,,unknown,cold,,,
273,Ogre Automotive 16,"Ogre, Latvia",Ogre,56.83798,24.59485,Maris Zarins,Operations Manager,+371 68526509,ogre.automotive.16@company.lv,875.0,612500,,unknown,cold,,,
274,Ventspils Machinery 17,"Ventspils, Latvia",Ventspils,57.41687,21.52268,Valdis Vitols,Managing Director,+371 65248818,ventspils.machinery.17@company.lv,875.0,612500,,unknown,cold,,,
275,Valmiera Electronics 18,"Valmiera, Latvia",Valmiera,57.55593,25.40719,Janis Vitols,Owner,+371 68412021,valmiera.electronics.18@company.lv,875.0,612500,,unknown,cold,,,
276,Kekava Metal 19,"Kekava, Latvia",Kekava,56.78504,24.21215,Andris Jansons,CEO,+371 63543525,kekava.metal.19@company.lv,875.0,612500,,unknown,cold,,,
277,Jelgava Machinery 20,"Jelgava, Latvia",Jelgava,56.69937,23.74783,Peteris Kalns,Owner,+371 64268701,jelgava.machinery.20@company.lv,2105.95,1474164,,unknown,cold,,,
278,Cesis Wood 21,"Cesis, Latvia",Cesis,57.32975,25.2226,Peteris Ozols,CEO,+371 62476313,cesis.wood.21@company.lv,875.0,612500,,unknown,cold,,,
279,Valmiera Machinery 22,"Valmiera, Latvia",Valmiera,57.49673,25.44498,Juris Zarins,Managing Director,+371 64114531,valmiera.machinery.22@company.lv,875.0,612500,,unknown,cold,,,
280,Riga Construction 23,"Riga, Latvia",Riga,56.91236,24.0995,Aivars Ozols,CEO,+371 66357206,riga.construction.23@company.lv,875.0,612500,,unknown,cold,,,
281,Cesis Paper 24,"Cesis, Latvia",Cesis,57.3202,25.23015,Peteris Ozols,CEO,+371 64406680,cesis.paper.24@company.lv,1308.3,915810,,unknown,cold,,,
282,Liepaja Electronics 25,"Liepaja, Latvia",Liepaja,56.51223,20.96315,Juris Eglitis,Managing Director,+371 62044885,liepaja.electronics.25@company.lv,878.15,614705,,unknown,cold,,,
283,Jelgava Wood 26,"Jelgava, Latvia",Jelgava,56.67204,23.71983,Peteris Ozols,Owner,+371 68436997,jelgava.wood.26@company.lv,875.0,612500,,unknown,cold,,,
284,Daugavpils Electronics 27,"Daugavpils, Latvia",Daugavpils,55.92467,26.46307,Valdis Silins,CEO,+371 67654661,daugavpils.electronics.27@company.lv,875.0,612500,,unknown,cold,,,
285,Liepaja Automotive 28,"Liepaja, Latvia",Liepaja,56.51146,21.00568,Andris Kalns,Operations Manager,+371 62002922,liepaja.automotive.28@company.lv,2286.2,1600339,,unknown,cold,,,
286,Ventspils Plastics 29,"Ventspils, Latvia",Ventspils,57.43374,21.5982,Aivars Jansons,Managing Director,+371 62035843,ventspils.plastics.29@company.lv,875.0,612500,,unknown,cold,,,
287,Kekava Wood 30,"Kekava, Latvia",Kekava,56.78813,24.28672,Aivars Kalns,Owner,+371 63465084,kekava.wood.30@company.lv,875.0,612500,,unknown,cold,,,
288,Valmiera Printing 31,"Valmiera, Latvia",Valmiera,57.52556,25.40945,Juris Silins,Managing Director,+371 68521238,valmiera.printing.31@company.lv,875.0,612500,,unknown,cold,,,
289,Ventspils Construction 32,"Ventspils, Latvia",Ventspils,57.38048,21.53627,Aivars Vitols,Owner,+371 62199878,ventspils.construction.32@company.lv,2604.35,1823045,,unknown,cold,,,
290,Liepaja Metal 33,"Liepaja, Latvia",Liepaja,56.50564,20.9677,Peteris Silins,CEO,+371 66768275,liepaja.metal.33@company.lv,875.0,612500,,unknown,cold,,,
291,Kekava Paper 34,"Kekava, Latvia",Kekava,56.81243,24.20228,Janis Jansons,CEO,+371 64612262,kekava.paper.34@company.lv,875.0,612500,,unknown,cold,,,
292,Ventspils Printing 35,"Ventspils, Latvia",Ventspils,57.35087,21.5978,Kaspars Berzins,Managing Director,+371 64584647,ventspils.printing.35@company.lv,875.0,612500,,unknown,cold,,,
293,Daugavpils Glass 36,"Daugavpils, Latvia",Daugavpils,55.91972,26.49998,Juris Jansons,Operations Manager,+371 63778110,daugavpils.glass.36@company.lv,995.05,696535,,unknown,cold,,,
294,Ogre Glass 37,"Ogre, Latvia",Ogre,56.85939,24.57962,Valdis Berzins,Operations Manager,+371 62550814,ogre.glass.37@company.lv,875.0,612500,,unknown,cold,,,
295,Ogre Printing 38,"Ogre, Latvia",Ogre,56.80245,24.59089,Andris Kalns,Owner,+371 66612725,ogre.printing.38@company.lv,2163.0,1514100,,unknown,cold,,,
296,Jekabpils Electronics 39,"Jekabpils, Latvia",Jekabpils,56.47114,25.8698,Maris Ozols,Operations Manager,+371 66851051,jekabpils.electronics.39@company.lv,1454.95,1018465,,unknown,cold,,,
297,Cesis Beverage 40,"Cesis, Latvia",Cesis,57.35768,25.28342,Maris Silins,Operations Manager,+371 67965483,cesis.beverage.40@company.lv,1427.65,999355,,unknown,cold,,,
298,Valmiera Construction 41,"Valmiera, Latvia",Valmiera,57.49804,25.38511,Kaspars Ozols,Managing Director,+371 62752381,valmiera.construction.41@company.lv,875.0,612500,,unknown,cold,,,
299,Cesis Glass 42,"Cesis, Latvia",Cesis,57.32722,25.26679,Valdis Berzins,CEO,+371 67882984,cesis.glass.42@company.lv,875.0,612500,,unknown,cold,,,
300,Riga Wood 43,"Riga, Latvia",Riga,56.981,24.06888,Janis Jansons,Owner,+371 63310177,riga.wood.43@company.lv,875.0,612500,,unknown,cold,,,Wood processing
301,Riga Glass 44,"Riga, Latvia",Riga,56.98431,24.10423,Peteris Berzins,Operations Manager,+371 68687165,riga.glass.44@company.lv,875.0,612500,,unknown,cold,,,
302,Ventspils Wood 45,"Ventspils, Latvia",Ventspils,57.43335,21.52519,Valdis Silins,CEO,+371 67552487,ventspils.wood.45@company.lv,875.0,612500,,unknown,cold,,,
303,Jelgava Beverage 46,"Jelgava, Latvia",Jelgava,56.6514,23.74257,Andris Silins,Operations Manager,+371 67520343,jelgava.beverage.46@company.lv,875.0,612500,,unknown,cold,,,
304,Liepaja Automotive 47,"Liepaja, Latvia",Liepaja,56.54408,20.99281,Peteris Ozols,Owner,+371 63811876,liepaja.automotive.47@company.lv,875.0,612500,,unknown,cold,,,
305,Kekava Electronics 48,"Kekava, Latvia",Kekava,56.79885,24.21274,Andris Kalns,CEO,+371 65060087,kekava.electronics.48@company.lv,875.0,612500,,unknown,cold,,,
306,Cesis Paper 49,"Cesis, Latvia",Cesis,57.2771,25.24874,Aivars Vitols,CEO,+371 65447503,cesis.paper.49@company.lv,2608.55,1825985,,unknown,cold,,,
307,Daugavpils Construction 0,"Daugavpils, Latvia",Daugavpils,55.91163,26.49252,Andris Ozols,Owner,+371 66868299,daugavpils.construction.0@company.lv,875.0,612500,,unknown,cold,,,
308,Ogre Furniture 2,"Ogre, Latvia",Ogre,56.86026,24.58427,Maris Eglitis,Owner,+371 65117740,ogre.furniture.2@company.lv,875.0,612500,,unknown,cold,,,
309,Ventspils Wood 3,"Ventspils, Latvia",Ventspils,57.40256,21.52582,Juris Eglitis,CEO,+371 67434898,ventspils.wood.3@company.lv,1104.25,772975,,unknown,cold,,,
310,Liepaja Printing 4,"Liepaja, Latvia",Liepaja,56.53655,20.99521,Juris Zarins,Managing Director,+371 63419206,liepaja.printing.4@company.lv,2282.35,1597645,,unknown,cold,,,
311,Jekabpils Paper 5,"Jekabpils, Latvia",Jekabpils,56.51619,25.85784,Janis Zarins,Owner,+371 66915117,jekabpils.paper.5@company.lv,934.15,653905,,unknown,cold,,,
312,Valmiera Food 6,"Valmiera, Latvia",Valmiera,57.50625,25.46417,Peteris Eglitis,CEO,+371 68328023,valmiera.food.6@company.lv,1177.05,823935,,unknown,cold,,,
313,Liepaja Paper 7,"Liepaja, Latvia",Liepaja,56.54036,20.96143,Aivars Kalns,Owner,+371 67513898,liepaja.paper.7@company.lv,875.0,612500,,unknown,cold,,,
314,Liepaja Beverage 8,"Liepaja, Latvia",Liepaja,56.50525,21.02538,Peteris Jansons,Operations Manager,+371 63139138,liepaja.beverage.8@company.lv,875.0,612500,,unknown,cold,,,
315,Daugavpils Electronics 9,"Daugavpils, Latvia",Daugavpils,55.90815,26.47742,Peteris Eglitis,Managing Director,+371 67260799,daugavpils.electronics.9@company.lv,875.0,612500,,unknown,cold,,,
316,Riga Machinery 10,"Riga, Latvia",Riga,56.97379,24.09107,Valdis Zarins,CEO,+371 67072770,riga.machinery.10@company.lv,875.0,612500,,unknown,cold,,,
317,Kekava Beverage 11,"Kekava, Latvia",Kekava,56.86279,24.25374,Aivars Vitols,CEO,+371 67671479,kekava.beverage.11@company.lv,1534.05,1073835,,unknown,cold,,,
318,Riga Furniture 12,"Riga, Latvia",Riga,56.9493,24.06179,Valdis Kalns,Managing Director,+371 62856595,riga.furniture.12@company.lv,1057.35,740144,,unknown,cold,,,
319,Ogre Furniture 13,"Ogre, Latvia",Ogre,56.86401,24.58259,Janis Kalns,CEO,+371 62339906,ogre.furniture.13@company.lv,1157.1,809969,,unknown,cold,,,
320,Ventspils Metal 14,"Ventspils, Latvia",Ventspils,57.41823,21.5552,Andris Kalns,Managing Director,+371 67750075,ventspils.metal.14@company.lv,875.0,612500,,unknown,cold,,,
321,Riga Food 15,"Riga, Latvia",Riga,56.97097,24.15318,Aivars Kalns,Managing Director,+371 66266708,riga.food.15@company.lv,875.0,612500,,unknown,cold,,,
322,Kekava Construction 16,"Kekava, Latvia",Kekava,56.83991,24.22696,Andris Eglitis,Owner,+371 65947655,kekava.construction.16@company.lv,875.0,612500,,unknown,cold,,,
323,Jekabpils Electronics 17,"Jekabpils, Latvia",Jekabpils,56.47571,25.86574,Andris Vitols,CEO,+371 67676571,jekabpils.electronics.17@company.lv,1741.25,1218875,,unknown,cold,,,
324,Ventspils Wood 18,"Ventspils, Latvia",Ventspils,57.38338,21.55342,Valdis Jansons,Owner,+371 65580903,ventspils.wood.18@company.lv,875.0,612500,,unknown,cold,,,
325,Cesis Printing 19,"Cesis, Latvia",Cesis,57.35896,25.23073,Valdis Silins,CEO,+371 62396620,cesis.printing.19@company.lv,1569.05,1098335,,unknown,cold,,,
326,Ogre Beverage 20,"Ogre, Latvia",Ogre,56.85523,24.6444,Aivars Silins,Owner,+371 64745706,ogre.beverage.20@company.lv,875.0,612500,,unknown,cold,,,
327,Riga Metal 21,"Riga, Latvia",Riga,56.95061,24.0556,Valdis Eglitis,Owner,+371 62936607,riga.metal.21@company.lv,875.0,612500,,unknown,cold,,,
328,Ventspils Machinery 22,"Ventspils, Latvia",Ventspils,57.39862,21.58352,Janis Zarins,CEO,+371 64687003,ventspils.machinery.22@company.lv,1500.45,1050315,,unknown,cold,,,
329,Cesis Plastics 23,"Cesis, Latvia",Cesis,57.34626,25.27733,Maris Eglitis,CEO,+371 67583234,cesis.plastics.23@company.lv,875.0,612500,,unknown,cold,,,
330,Jekabpils Automotive 24,"Jekabpils, Latvia",Jekabpils,56.46107,25.89457,Maris Berzins,Managing Director,+371 63062590,jekabpils.automotive.24@company.lv,875.0,612500,,unknown,cold,,,
331,Daugavpils Furniture 25,"Daugavpils, Latvia",Daugavpils,55.82982,26.51768,Valdis Jansons,Operations Manager,+371 65595082,daugavpils.furniture.25@company.lv,875.0,612500,,unknown,cold,,,
332,Ogre Machinery 26,"Ogre, Latvia",Ogre,56.7968,24.60379,Janis Zarins,Managing Director,+371 64257944,ogre.machinery.26@company.lv,875.0,612500,,unknown,cold,,,
333,Ventspils Chemical 27,"Ventspils, Latvia",Ventspils,57.36711,21.57384,Kaspars Vitols,Owner,+371 64902400,ventspils.chemical.27@company.lv,875.0,612500,,unknown,cold,,,
334,Riga Textiles 28,"Riga, Latvia",Riga,56.97613,24.11475,Maris Berzins,Owner,+371 66684248,riga.textiles.28@company.lv,875.0,612500,,unknown,cold,,,
335,Ventspils Glass 29,"Ventspils, Latvia",Ventspils,57.37605,21.54249,Andris Berzins,Operations Manager,+371 66323589,ventspils.glass.29@company.lv,875.0,612500,,unknown,cold,,,
336,Riga Chemical 30,"Riga, Latvia",Riga,56.9714,24.13732,Aivars Silins,Operations Manager,+371 62537831,riga.chemical.30@company.lv,938.35,656845,,unknown,cold,,,
337,Jelgava Chemical 31,"Jelgava, Latvia",Jelgava,56.66808,23.75284,Maris Kalns,CEO,+371 63920027,jelgava.chemical.31@company.lv,875.0,612500,,unknown,cold,,,
338,Riga Food 32,"Riga, Latvia",Riga,56.94501,24.05923,Kaspars Silins,Operations Manager,+371 62981170,riga.food.32@company.lv,2363.9,1654730,,unknown,cold,,,
339,Daugavpils Machinery 33,"Daugavpils, Latvia",Daugavpils,55.92268,26.54677,Aivars Ozols,CEO,+371 66275406,daugavpils.machinery.33@company.lv,875.0,612500,,unknown,cold,,,
340,Cesis Glass 35,"Cesis, Latvia",Cesis,57.31713,25.25242,Peteris Ozols,CEO,+371 63467266,cesis.glass.35@company.lv,923.3,646310,,unknown,cold,,,
341,Ventspils Textiles 36,"Ventspils, Latvia",Ventspils,57.43598,21.52326,Maris Ozols,Owner,+371 65542099,ventspils.textiles.36@company.lv,875.0,612500,,unknown,cold,,,
342,Ventspils Textiles 37,"Ventspils, Latvia",Ventspils,57.40771,21.5466,Valdis Silins,Operations Manager,+371 67994763,ventspils.textiles.37@company.lv,2571.8,1800260,,unknown,cold,,,
343,Riga Paper 38,"Riga, Latvia",Riga,56.90066,24.07014,Janis Silins,Owner,+371 62787841,riga.paper.38@company.lv,875.0,612500,,unknown,cold,,,
344,Jekabpils Metal 39,"Jekabpils, Latvia",Jekabpils,56.49169,25.89926,Juris Silins,Operations Manager,+371 68989449,jekabpils.metal.39@company.lv,2426.9,1698830,,unknown,cold,,,
345,Ogre Construction 40,"Ogre, Latvia",Ogre,56.84845,24.60345,Kaspars Zarins,CEO,+371 62529384,ogre.construction.40@company.lv,2489.55,1742685,,unknown,cold,,,
346,Jekabpils Glass 41,"Jekabpils, Latvia",Jekabpils,56.48339,25.84953,Kaspars Kalns,Owner,+371 62226182,jekabpils.glass.41@company.lv,875.0,612500,,unknown,cold,,,
347,Ventspils Electronics 42,"Ventspils, Latvia",Ventspils,57.41715,21.5008,Valdis Silins,CEO,+371 62276570,ventspils.electronics.42@company.lv,875.0,612500,,unknown,cold,,,
348,Ventspils Chemical 43,"Ventspils, Latvia",Ventspils,57.34994,21.49919,Maris Vitols,CEO,+371 67896587,ventspils.chemical.43@company.lv,875.0,612500,,unknown,cold,,,
349,Cesis Construction 44,"Cesis, Latvia",Cesis,57.28866,25.27498,Juris Kalns,CEO,+371 67074851,cesis.construction.44@company.lv,875.0,612500,,unknown,cold,,,
350,Ogre Wood 45,"Ogre, Latvia",Ogre,56.8117,24.56015,Valdis Zarins,Managing Director,+371 66482814,ogre.wood.45@company.lv,875.0,612500,,unknown,cold,,,
351,Valmiera Textiles 46,"Valmiera, Latvia",Valmiera,57.54094,25.44529,Janis Eglitis,Managing Director,+371 63744744,valmiera.textiles.46@company.lv,875.0,612500,,unknown,cold,,,
352,Liepaja Paper 47,"Liepaja, Latvia",Liepaja,56.5225,20.99286,Kaspars Jansons,Operations Manager,+371 66681792,liepaja.paper.47@company.lv,875.0,612500,,unknown,cold,,,
353,Riga Metal 48,"Riga, Latvia",Riga,56.98212,24.13178,Maris Vitols,Managing Director,+371 63651597,riga.metal.48@company.lv,875.0,612500,,unknown,cold,,,
354,Valmiera Electronics 49,"Valmiera, Latvia",Valmiera,57.49989,25.45747,Valdis Eglitis,CEO,+371 65993232,valmiera.electronics.49@company.lv,875.0,612500,,unknown,cold,,,
355,Liepaja Printing 0,"Liepaja, Latvia",Liepaja,56.50752,21.01102,Valdis Eglitis,CEO,+371 65660433,liepaja.printing.0@company.lv,875.0,612500,,unknown,cold,,,
356,Jelgava Textiles 1,"Jelgava, Latvia",Jelgava,56.67005,23.74014,Juris Ozols,Operations Manager,+371 65908988,jelgava.textiles.1@company.lv,875.0,612500,,unknown,cold,,,
357,Jelgava Paper 2,"Jelgava, Latvia",Jelgava,56.68529,23.72972,Peteris Zarins,Operations Manager,+371 66749877,jelgava.paper.2@company.lv,875.0,612500,,unknown,cold,,,
358,Liepaja Construction 3,"Liepaja, Latvia",Liepaja,56.47517,21.00584,Andris Jansons,Owner,+371 63350671,liepaja.construction.3@company.lv,1442.35,1009644,,unknown,cold,,,
359,Daugavpils Wood 4,"Daugavpils, Latvia",Daugavpils,55.84692,26.49247,Aivars Eglitis,CEO,+371 67095220,daugavpils.wood.4@company.lv,875.0,612500,,unknown,cold,,,
360,Daugavpils Food 5,"Daugavpils, Latvia",Daugavpils,55.91911,26.48501,Maris Vitols,Managing Director,+371 66364358,daugavpils.food.5@company.lv,1360.8,952560,,unknown,cold,,,
361,Ventspils Paper 6,"Ventspils, Latvia",Ventspils,57.41715,21.52153,Maris Silins,Owner,+371 66892590,ventspils.paper.6@company.lv,875.0,612500,,unknown,cold,,,
362,Liepaja Printing 7,"Liepaja, Latvia",Liepaja,56.51853,21.00706,Aivars Ozols,CEO,+371 65907327,liepaja.printing.7@company.lv,1239.7,867790,,unknown,cold,,,
363,Riga Machinery 8,"Riga, Latvia",Riga,56.98321,24.11077,Andris Kalns,CEO,+371 67868710,riga.machinery.8@company.lv,875.0,612500,,unknown,cold,,,
364,Liepaja Wood 9,"Liepaja, Latvia",Liepaja,56.55443,20.97102,Andris Kalns,CEO,+371 65489266,liepaja.wood.9@company.lv,2169.65,1518755,,unknown,cold,,,
365,Riga Plastics 10,"Riga, Latvia",Riga,56.9099,24.08505,Andris Kalns,Operations Manager,+371 64250049,riga.plastics.10@company.lv,1341.55,939085,,unknown,cold,,,
366,Liepaja Machinery 11,"Liepaja, Latvia",Liepaja,56.46428,20.95977,Maris Jansons,CEO,+371 63604485,liepaja.machinery.11@company.lv,875.0,612500,,unknown,cold,,,
367,Valmiera Plastics 13,"Valmiera, Latvia",Valmiera,57.49362,25.42236,Valdis Berzins,Managing Director,+371 63329275,valmiera.plastics.13@company.lv,875.0,612500,,unknown,cold,,,
368,Cesis Paper 14,"Cesis, Latvia",Cesis,57.28061,25.30763,Kaspars Kalns,CEO,+371 62331460,cesis.paper.14@company.lv,1143.1,800169,,unknown,cold,,,
369,Riga Furniture 15,"Riga, Latvia",Riga,56.98226,24.11495,Peteris Jansons,Owner,+371 64914451,riga.furniture.15@company.lv,875.0,612500,,unknown,cold,,,
370,Jelgava Wood 16,"Jelgava, Latvia",Jelgava,56.62145,23.67675,Maris Ozols,Managing Director,+371 65874123,jelgava.wood.16@company.lv,1437.45,1006215,,unknown,cold,,,
371,Liepaja Furniture 17,"Liepaja, Latvia",Liepaja,56.51372,20.99309,Aivars Kalns,Owner,+371 66666261,liepaja.furniture.17@company.lv,2457.35,1720145,,unknown,cold,,,
372,Riga Wood 18,"Riga, Latvia",Riga,56.98446,24.13766,Janis Jansons,Owner,+371 65476658,riga.wood.18@company.lv,875.0,612500,,unknown,cold,,,Wood processing
373,Daugavpils Metal 19,"Daugavpils, Latvia",Daugavpils,55.85651,26.52661,Andris Jansons,CEO,+371 63432998,daugavpils.metal.19@company.lv,1155.0,808500,,unknown,cold,,,
374,Kekava Beverage 20,"Kekava, Latvia",Kekava,56.87098,24.23262,Valdis Kalns,CEO,+371 68189959,kekava.beverage.20@company.lv,875.0,612500,,unknown,cold,,,
375,Riga Furniture 21,"Riga, Latvia",Riga,56.99949,24.08773,Aivars Berzins,Operations Manager,+371 64608129,riga.furniture.21@company.lv,875.0,612500,,unknown,cold,,,
376,Jekabpils Chemical 22,"Jekabpils, Latvia",Jekabpils,56.49904,25.89637,Aivars Silins,Managing Director,+371 66777300,jekabpils.chemical.22@company.lv,875.0,612500,,unknown,cold,,,
377,Valmiera Plastics 23,"Valmiera, Latvia",Valmiera,57.53281,25.45708,Andris Jansons,Managing Director,+371 64511240,valmiera.plastics.23@company.lv,875.0,612500,,unknown,cold,,,
378,Ventspils Plastics 24,"Ventspils, Latvia",Ventspils,57.43173,21.54507,Valdis Kalns,Managing Director,+371 63332596,ventspils.plastics.24@company.lv,875.0,612500,,unknown,cold,,,
379,Riga Automotive 25,"Riga, Latvia",Riga,56.95688,24.13924,Andris Jansons,Operations Manager,+371 68248312,riga.automotive.25@company.lv,875.0,612500,,unknown,cold,,,
380,Kekava Paper 26,"Kekava, Latvia",Kekava,56.84134,24.19429,Peteris Ozols,CEO,+371 67269300,kekava.paper.26@company.lv,2004.1,1402870,,unknown,cold,,,
381,Valmiera Food 27,"Valmiera, Latvia",Valmiera,57.54876,25.39476,Andris Berzins,Operations Manager,+371 68031507,valmiera.food.27@company.lv,1339.1,937369,,unknown,cold,,,
382,Jelgava Construction 28,"Jelgava, Latvia",Jelgava,56.68369,23.67411,Aivars Jansons,Managing Director,+371 68651433,jelgava.construction.28@company.lv,875.0,612500,,unknown,cold,,,
383,Kekava Food 29,"Kekava, Latvia",Kekava,56.82518,24.19335,Aivars Ozols,CEO,+371 64109729,kekava.food.29@company.lv,1443.75,1010625,,unknown,cold,,,
384,Liepaja Glass 30,"Liepaja, Latvia",Liepaja,56.51585,21.02576,Juris Vitols,Managing Director,+371 63270628,liepaja.glass.30@company.lv,1616.3,1131410,,unknown,cold,,,
385,Jelgava Machinery 31,"Jelgava, Latvia",Jelgava,56.66855,23.7489,Maris Jansons,Owner,+371 67537912,jelgava.machinery.31@company.lv,875.0,612500,,unknown,cold,,,
386,Valmiera Plastics 32,"Valmiera, Latvia",Valmiera,57.49803,25.43854,Peteris Silins,CEO,+371 66095954,valmiera.plastics.32@company.lv,875.0,612500,,unknown,cold,,,
387,Ogre Chemical 33,"Ogre, Latvia",Ogre,56.78577,24.61171,Peteris Kalns,Operations Manager,+371 64711174,ogre.chemical.33@company.lv,1941.8,1359260,,unknown,cold,,,
388,Liepaja Glass 34,"Liepaja, Latvia",Liepaja,56.46561,20.96039,Peteris Silins,CEO,+371 62804012,liepaja.glass.34@company.lv,875.0,612500,,unknown,cold,,,
389,Ogre Wood 35,"Ogre, Latvia",Ogre,56.77515,24.55579,Valdis Berzins,Managing Director,+371 64223535,ogre.wood.35@company.lv,875.0,612500,,unknown,cold,,,
390,Cesis Furniture 36,"Cesis, Latvia",Cesis,57.32283,25.24669,Kaspars Kalns,Operations Manager,+371 68814421,cesis.furniture.36@company.lv,1522.15,1065505,,unknown,cold,,,
391,Daugavpils Food 37,"Daugavpils, Latvia",Daugavpils,55.91787,26.53738,Valdis Vitols,Owner,+371 67843266,daugavpils.food.37@company.lv,969.15,678405,,unknown,cold,,,
392,Cesis Automotive 38,"Cesis, Latvia",Cesis,57.27223,25.22898,Valdis Eglitis,CEO,+371 65126826,cesis.automotive.38@company.lv,875.0,612500,,unknown,cold,,,
393,Jelgava Metal 39,"Jelgava, Latvia",Jelgava,56.60315,23.74142,Peteris Jansons,CEO,+371 67890277,jelgava.metal.39@company.lv,1647.1,1152970,,unknown,cold,,,
394,Ogre Machinery 40,"Ogre, Latvia",Ogre,56.77142,24.63175,Juris Vitols,Owner,+371 62868195,ogre.machinery.40@company.lv,875.0,612500,,unknown,cold,,,
395,Kekava Wood 41,"Kekava, Latvia",Kekava,56.8552,24.21357,Janis Zarins,CEO,+371 68995090,kekava.wood.41@company.lv,875.0,612500,,unknown,cold,,,
396,Riga Construction 42,"Riga, Latvia",Riga,56.91342,24.15194,Valdis Eglitis,Operations Manager,+371 63263166,riga.construction.42@company.lv,875.0,612500,,unknown,cold,,,
397,Ogre Furniture 43,"Ogre, Latvia",Ogre,56.84552,24.58822,Andris Jansons,Managing Director,+371 67441193,ogre.furniture.43@company.lv,951.65,666155,,unknown,cold,,,
398,Ventspils Chemical 44,"Ventspils, Latvia",Ventspils,57.42719,21.59229,Kaspars Jansons,Operations Manager,+371 68340214,ventspils.chemical.44@company.lv,875.0,612500,,unknown,cold,,,
399,Liepaja Paper 45,"Liepaja, Latvia",Liepaja,56.49614,21.00623,Andris Jansons,Operations Manager,+371 65119738,liepaja.paper.45@company.lv,875.0,612500,,unknown,cold,,,
400,Jekabpils Paper 46,"Jekabpils, Latvia",Jekabpils,56.48808,25.80666,Aivars Kalns,CEO,+371 66806993,jekabpils.paper.46@company.lv,875.0,612500,,unknown,cold,,,
401,Jekabpils Construction 47,"Jekabpils, Latvia",Jekabpils,56.54002,25.90444,Kaspars Silins,Operations Manager,+371 67765285,jekabpils.construction.47@company.lv,875.0,612500,,unknown,cold,,,
402,Ventspils Machinery 48,"Ventspils, Latvia",Ventspils,57.37281,21.55689,Janis Jansons,Operations Manager,+371 63891268,ventspils.machinery.48@company.lv,875.0,612500,,unknown,cold,,,
403,Cesis Electronics 49,"Cesis, Latvia",Cesis,57.33079,25.30752,Maris Kalns,CEO,+371 65731314,cesis.electronics.49@company.lv,875.0,612500,,unknown,cold,,,
404,Jelgava Plastics 0,"Jelgava, Latvia",Jelgava,56.65747,23.67192,Kaspars Berzins,Operations Manager,+371 64825060,jelgava.plastics.0@company.lv,880.25,616175,,unknown,cold,,,
405,Jekabpils Construction 1,"Jekabpils, Latvia",Jekabpils,56.48622,25.82055,Valdis Berzins,Managing Director,+371 62191704,jekabpils.construction.1@company.lv,875.0,612500,,unknown,cold,,,
406,Riga Automotive 2,"Riga, Latvia",Riga,56.90106,24.136,Juris Kalns,CEO,+371 63529586,riga.automotive.2@company.lv,875.0,612500,,unknown,cold,,,
407,Kekava Wood 3,"Kekava, Latvia",Kekava,56.86727,24.24174,Valdis Kalns,Managing Director,+371 64029648,kekava.wood.3@company.lv,1856.4,1299480,,unknown,cold,,,
408,Riga Plastics 4,"Riga, Latvia",Riga,56.91693,24.14179,Andris Kalns,CEO,+371 68570195,riga.plastics.4@company.lv,875.0,612500,,unknown,cold,,,
409,Kekava Electronics 5,"Kekava, Latvia",Kekava,56.84265,24.19785,Aivars Eglitis,Owner,+371 65201723,kekava.electronics.5@company.lv,1237.95,866565,,unknown,cold,,,
410,Jekabpils Automotive 6,"Jekabpils, Latvia",Jekabpils,56.53592,25.80877,Aivars Vitols,CEO,+371 68658186,jekabpils.automotive.6@company.lv,875.0,612500,,unknown,cold,,,
411,Daugavpils Glass 7,"Daugavpils, Latvia",Daugavpils,55.85111,26.46419,Andris Ozols,Managing Director,+371 68212448,daugavpils.glass.7@company.lv,2389.1,1672370,,unknown,cold,,,
412,Liepaja Construction 8,"Liepaja, Latvia",Liepaja,56.48072,21.04686,Valdis Vitols,Owner,+371 65073896,liepaja.construction.8@company.lv,875.0,612500,,unknown,cold,,,
413,Ventspils Machinery 9,"Ventspils, Latvia",Ventspils,57.39444,21.59297,Andris Silins,CEO,+371 68422918,ventspils.machinery.9@company.lv,875.0,612500,,unknown,cold,,,
414,Cesis Construction 10,"Cesis, Latvia",Cesis,57.30707,25.29758,Valdis Eglitis,Owner,+371 62464536,cesis.construction.10@company.lv,875.0,612500,,unknown,cold,,,
415,Kekava Chemical 11,"Kekava, Latvia",Kekava,56.78749,24.20475,Maris Kalns,Operations Manager,+371 68446370,kekava.chemical.11@company.lv,875.0,612500,,unknown,cold,,,
416,Cesis Chemical 12,"Cesis, Latvia",Cesis,57.35233,25.27036,Aivars Jansons,Owner,+371 66341903,cesis.chemical.12@company.lv,875.0,612500,,unknown,cold,,,
417,Ogre Printing 13,"Ogre, Latvia",Ogre,56.83081,24.58862,Valdis Berzins,CEO,+371 63101116,ogre.printing.13@company.lv,875.0,612500,,unknown,cold,,,
418,Liepaja Construction 14,"Liepaja, Latvia",Liepaja,56.48255,21.02455,Maris Jansons,Owner,+371 67776462,liepaja.construction.14@company.lv,875.0,612500,,unknown,cold,,,
419,Liepaja Metal 15,"Liepaja, Latvia",Liepaja,56.52182,21.02964,Peteris Ozols,Operations Manager,+371 66509113,liepaja.metal.15@company.lv,875.0,612500,,unknown,cold,,,
420,Liepaja Automotive 16,"Liepaja, Latvia",Liepaja,56.54693,21.04322,Valdis Vitols,Managing Director,+371 64720342,liepaja.automotive.16@company.lv,875.0,612500,,unknown,cold,,,
421,Cesis Beverage 17,"Cesis, Latvia",Cesis,57.35776,25.2967,Aivars Jansons,Managing Director,+371 68933535,cesis.beverage.17@company.lv,2242.8,1569960,,unknown,cold,,,
422,Ventspils Automotive 18,"Ventspils, Latvia",Ventspils,57.40422,21.52639,Maris Berzins,Managing Director,+371 67253932,ventspils.automotive.18@company.lv,1475.25,1032675,,unknown,cold,,,
423,Valmiera Beverage 19,"Valmiera, Latvia",Valmiera,57.49559,25.39287,Juris Vitols,Operations Manager,+371 64406997,valmiera.beverage.19@company.lv,875.0,612500,,unknown,cold,,,
424,Liepaja Wood 20,"Liepaja, Latvia",Liepaja,56.55154,20.97693,Andris Silins,CEO,+371 63060208,liepaja.wood.20@company.lv,875.0,612500,,unknown,cold,,,
425,Cesis Glass 21,"Cesis, Latvia",Cesis,57.32192,25.28287,Maris Kalns,Owner,+371 65121545,cesis.glass.21@company.lv,1518.65,1063055,,unknown,cold,,,
426,Valmiera Paper 22,"Valmiera, Latvia",Valmiera,57.57197,25.44507,Maris Zarins,Owner,+371 67175285,valmiera.paper.22@company.lv,875.0,612500,,unknown,cold,,,
427,Ogre Textiles 23,"Ogre, Latvia",Ogre,56.85174,24.58751,Valdis Berzins,Owner,+371 65103304,ogre.textiles.23@company.lv,875.0,612500,,unknown,cold,,,
428,Valmiera Chemical 24,"Valmiera, Latvia",Valmiera,57.59008,25.41995,Janis Silins,CEO,+371 67500653,valmiera.chemical.24@company.lv,1198.4,838880,,unknown,cold,,,
429,Valmiera Machinery 26,"Valmiera, Latvia",Valmiera,57.52661,25.43324,Juris Silins,Managing Director,+371 65714531,valmiera.machinery.26@company.lv,1445.15,1011605,,unknown,cold,,,
430,Cesis Printing 27,"Cesis, Latvia",Cesis,57.26763,25.28723,Juris Jansons,CEO,+371 64363006,cesis.printing.27@company.lv,875.0,612500,,unknown,cold,,,
431,Ogre Electronics 28,"Ogre, Latvia",Ogre,56.86405,24.56578,Valdis Vitols,Operations Manager,+371 65096293,ogre.electronics.28@company.lv,1440.95,1008665,,unknown,cold,,,
432,Jekabpils Printing 29,"Jekabpils, Latvia",Jekabpils,56.53481,25.88539,Kaspars Kalns,Operations Manager,+371 66169709,jekabpils.printing.29@company.lv,2625.0,1837500,,unknown,cold,,,
433,Valmiera Paper 30,"Valmiera, Latvia",Valmiera,57.51503,25.4234,Peteris Kalns,Managing Director,+371 67366669,valmiera.paper.30@company.lv,875.0,612500,,unknown,cold,,,
434,Jekabpils Textiles 31,"Jekabpils, Latvia",Jekabpils,56.5101,25.81581,Aivars Berzins,CEO,+371 65299886,jekabpils.textiles.31@company.lv,875.0,612500,,unknown,cold,,,
435,Liepaja Electronics 32,"Liepaja, Latvia",Liepaja,56.51941,20.97531,Valdis Jansons,Managing Director,+371 64755986,liepaja.electronics.32@company.lv,875.0,612500,,unknown,cold,,,
436,Liepaja Furniture 33,"Liepaja, Latvia",Liepaja,56.50251,21.01839,Janis Jansons,Managing Director,+371 63435763,liepaja.furniture.33@company.lv,875.0,612500,,unknown,cold,,,
437,Liepaja Metal 34,"Liepaja, Latvia",Liepaja,56.5004,21.0101,Andris Vitols,Managing Director,+371 65652481,liepaja.metal.34@company.lv,875.0,612500,,unknown,cold,,,
438,Valmiera Food 35,"Valmiera, Latvia",Valmiera,57.52179,25.44735,Andris Silins,Operations Manager,+371 68280292,valmiera.food.35@company.lv,2460.5,1722350,,unknown,cold,,,
439,Riga Construction 36,"Riga, Latvia",Riga,56.95855,24.07358,Maris Berzins,Owner,+371 68197125,riga.construction.36@company.lv,875.0,612500,,unknown,cold,,,
440,Jelgava Plastics 37,"Jelgava, Latvia",Jelgava,56.6692,23.73829,Maris Kalns,Managing Director,+371 62450690,jelgava.plastics.37@company.lv,875.0,612500,,unknown,cold,,,
441,Jekabpils Metal 38,"Jekabpils, Latvia",Jekabpils,56.46404,25.8556,Valdis Zarins,CEO,+371 63709369,jekabpils.metal.38@company.lv,875.0,612500,,unknown,cold,,,
442,Jekabpils Chemical 39,"Jekabpils, Latvia",Jekabpils,56.50315,25.85466,Aivars Silins,Owner,+371 66509425,jekabpils.chemical.39@company.lv,875.0,612500,,unknown,cold,,,
443,Ogre Beverage 40,"Ogre, Latvia",Ogre,56.7835,24.64597,Juris Silins,Managing Director,+371 66832615,ogre.beverage.40@company.lv,875.0,612500,,unknown,cold,,,
444,Liepaja Metal 41,"Liepaja, Latvia",Liepaja,56.48145,21.00055,Aivars Kalns,CEO,+371 63891269,liepaja.metal.41@company.lv,875.0,612500,,unknown,cold,,,
445,Valmiera Printing 42,"Valmiera, Latvia",Valmiera,57.5887,25.37814,Kaspars Berzins,Managing Director,+371 68366049,valmiera.printing.42@company.lv,875.0,612500,,unknown,cold,,,
446,Jelgava Construction 43,"Jelgava, Latvia",Jelgava,56.62956,23.7412,Aivars Zarins,Operations Manager,+371 68557723,jelgava.construction.43@company.lv,875.0,612500,,unknown,cold,,,
447,Liepaja Metal 44,"Liepaja, Latvia",Liepaja,56.47475,21.02536,Peteris Berzins,Operations Manager,+371 62154598,liepaja.metal.44@company.lv,2451.75,1716225,,unknown,cold,,,
448,Daugavpils Plastics 45,"Daugavpils, Latvia",Daugavpils,55.88504,26.4881,Janis Silins,Owner,+371 63373347,daugavpils.plastics.45@company.lv,875.0,612500,,unknown,cold,,,
449,Liepaja Printing 47,"Liepaja, Latvia",Liepaja,56.48064,21.00965,Maris Vitols,Managing Director,+371 63591564,liepaja.printing.47@company.lv,875.0,612500,,unknown,cold,,,
450,Valmiera Construction 48,"Valmiera, Latvia",Valmiera,57.53005,25.37495,Maris Eglitis,Owner,+371 62304074,valmiera.construction.48@company.lv,875.0,612500,,unknown,cold,,,
451,Liepaja Electronics 49,"Liepaja, Latvia",Liepaja,56.50215,21.05637,Peteris Jansons,Operations Manager,+371 64764728,liepaja.electronics.49@company.lv,875.0,612500,,unknown,cold,,,
